year,strategy,period_return,n_sessions
2024,Equal weight,0.30422818588908607,252
2024,Inverse volatility,0.24692202106140515,252
2024,Min variance (sample),0.14340099182415744,252
2024,Min variance (shrinkage),0.1459220787989457,252
2024,Max Sharpe (shrinkage),0.3831385389432156,252
2024,SPY,0.247616979475193,252
2025,Equal weight,0.19188275740860683,250
2025,Inverse volatility,0.1714493899648175,250
2025,Min variance (sample),0.12239081877242985,250
2025,Min variance (shrinkage),0.12478737913564042,250
2025,Max Sharpe (shrinkage),0.18349042908805946,250
2025,SPY,0.17719051276575337,250
2026,Equal weight,0.17305079652585498,184
2026,Inverse volatility,0.171738536539777,184
2026,Min variance (sample),0.1959713296069603,184
2026,Min variance (shrinkage),0.1938295781232955,184
2026,Max Sharpe (shrinkage),0.18071360044715834,184
2026,SPY,0.13997940463168623,184
