Date,Equal weight,Inverse volatility,Min variance (sample),Min variance (shrinkage),Max Sharpe (shrinkage),SPY
2024-01-02,-0.0008675801858128995,0.002437342208595261,0.012404978731301641,0.012422079145958165,-7.073520993738924e-05,-0.006589832044029076
2024-01-03,-0.0002731211898385766,0.00040936046845740925,0.005700340797881509,0.005573208033533339,0.0038266509209761157,-0.008166755795453895
2024-01-04,-0.002703038216029352,-0.002245305020407873,-0.0013862316544660525,-0.0013661290632150935,-0.0009394747954399874,-0.003221073749689163
2024-01-05,0.00418344453552133,0.0028517134523460275,-0.0013273090878508365,-0.0012232987608941093,0.006819925314452968,0.0013696300933445649
2024-01-08,0.011188628484381402,0.008800361572301574,0.003741317378326947,0.0037628121163606476,0.011254881132287897,0.01427600761967951
2024-01-09,-0.002143498990526238,-0.0025127113320756456,-0.0036916625740791575,-0.0035562370248164443,-0.0020107980738263143,-0.0015169773774350581
2024-01-10,0.00755228303751454,0.005980487444346316,0.00207040376293266,0.0021057382681859416,0.0039946266795030105,0.00565534203770901
2024-01-11,-0.0008424590676756605,-0.0013018335407831705,-0.00016931492960525762,-0.00023229239768551846,0.0026617261194514796,-0.00044064304114110886
2024-01-12,0.00246578437228151,0.0022967820566279773,0.001488034727527232,0.0015928763757300235,0.005876821741856553,0.0006927159627048152
2024-01-16,-0.0052517808989339665,-0.0061559053640576344,-0.00863763979648946,-0.008602666228294642,-0.006539557714368871,-0.0036712333124307994
2024-01-17,-0.007351213451762262,-0.006366577420258923,-0.0025982293549597912,-0.0027169310480607,-0.007314132627260106,-0.005558629119166936
2024-01-18,0.005466037025443127,0.003768012465569459,-0.00240249900373124,-0.0022740286555013034,0.00205173405948722,0.008892804944571564
2024-01-19,0.009252489719834278,0.006566916835095915,-0.000736604806325647,-0.0006354022151883187,0.011531479061532846,0.01246614990039574
2024-01-22,0.0019004026157267706,0.002024011404431425,0.0028716091569311875,0.0028249114813525544,0.0026059018585842253,0.002114345696694775
2024-01-23,0.00262568965693033,0.00263380157316484,0.004005466009103786,0.004098001991896583,0.001208252948636801,0.0029162889150278204
2024-01-24,0.003613306951522066,0.0011416758679443362,-0.0019939039777615575,-0.002007710042135513,0.00984277713350279,0.001093442749076745
2024-01-25,0.008322169471270513,0.007704655736987309,0.005833344299681853,0.005930168353052601,0.009014468023933908,0.0054387764946215444
2024-01-26,0.0037554209883108314,0.004205380939876324,0.00623972621609048,0.006222092789607503,0.004535944839441752,-0.0012703243166388711
2024-01-29,0.00848339798044817,0.006936459142246054,0.0035733739988332847,0.0036573105397810224,0.00934912146465261,0.007919251233987401
2024-01-30,0.002231536329764694,0.0027339239306574115,0.0034462209073318206,0.00349593115226976,0.006386262845959223,-0.0007734882823717815
2024-01-31,-0.015618219838339997,-0.012955732182513335,-0.00543928819651418,-0.0055222284084156525,-0.011883563265712382,-0.01631720503241174
2024-02-01,0.01091656822287601,0.010156167604106203,0.007861836362426322,0.007962890731594285,0.012485687360077824,0.013088176408389662
2024-02-02,0.01865116470004491,0.010177377501828122,0.0014431608679217334,0.0011842523966170138,0.017811690520325163,0.010527216371288839
2024-02-05,-0.00017773759962969038,-0.0009338888828086533,-0.00041955998357723345,-0.0004058888676929939,0.016364249667776498,-0.0036410577073772155
2024-02-06,0.002681157734636397,0.003937748027003529,0.005791703390862768,0.0057876282736095686,0.0003719004461599784,0.002903296810501166
2024-02-07,0.009644500252341759,0.007983855105230253,0.005713938047693601,0.005713720181853343,0.013819918045350654,0.008340280164487401
2024-02-08,0.006403815923880174,0.005398874478595772,0.003975366795824886,0.003974831487042474,0.0035864463871189134,0.0004417718496190215
2024-02-09,0.0010786754164187062,-0.0005153460813387412,-0.0048913815691533635,-0.0048418197509131344,0.000437468975148958,0.005779457003047828
2024-02-12,0.002194463370666977,0.0025030253512379197,0.0028910967554405254,0.0029503148596472517,0.0035121586652371306,-0.00043891360141468105
2024-02-13,-0.0121283261212497,-0.011454151473710095,-0.0067892471638805185,-0.00690232752656561,-0.007433706395070905,-0.013773155152717265
2024-02-14,0.008313697899524852,0.006193679676905539,0.002156512173298708,0.0021769853437314524,0.01107154044880665,0.009087716802034684
2024-02-15,0.008451153118340438,0.009221303280506632,0.011897142261038995,0.011809645237880417,0.00724654670482594,0.0068997960929888524
2024-02-16,-0.0017495826659861269,-0.0007963163781325999,0.0023207723712355133,0.0022864310909147534,0.004024922369650019,-0.004980034660144073
2024-02-20,-0.006955488219229755,-0.003973534688148206,0.0008965398614149134,0.0008004808359303173,-0.016672172191962265,-0.0055054870318739235
2024-02-21,0.0012602594202251183,0.002716837361886437,0.005336086114253513,0.005404935971896618,-0.0016948927370192823,0.0009059751926672188
2024-02-22,0.0200982737430484,0.014400806670459065,0.00724416421164209,0.007278718613341173,0.037344958507091075,0.020695408891948208
2024-02-23,0.0008058190168860335,0.0012297218688619438,0.0016294529564582216,0.001622693039401435,0.001230515113588071,0.0006896317023563636
2024-02-26,-0.0045987696805412925,-0.004667192660218755,-0.004024086245696834,-0.003987494020534443,0.0026966336477480812,-0.0036625515250519047
2024-02-27,0.0008083227921273917,-3.63779715173429e-06,-0.005796959111120437,-0.005573184018186628,-0.004160716509058138,0.0018578146158461095
2024-02-28,-0.002336912829803084,-0.0016584082003817668,-0.002136260292455505,-0.0020133902838676,-0.004602123840310224,-0.0013216898125517629
2024-02-29,0.005136527991157491,0.0030903854869230862,-0.0023518582263033494,-0.002246647469076435,0.003168440000826722,0.0035949929309433415
2024-03-01,0.006215856685404031,0.004226075046368738,0.002336272052584576,0.0024534016724306884,0.019041979694332634,0.009388320386722881
2024-03-04,-0.0012701366191059105,-0.002065224015961209,-0.005200259226856518,-0.0049913987446176256,0.005414770507137678,-0.001072542278524713
2024-03-05,-0.00579067589769644,-0.005330442807728875,-0.0034789665095825706,-0.003520582029824415,-0.003731008372238165,-0.009994033257456736
2024-03-06,0.0020146622113073054,0.001175317568084422,-0.00023452456583494818,-0.00011941444408480884,0.011620514152934636,0.005067221704460501
2024-03-07,0.010307982555531892,0.007645990027979055,0.0035642452081485754,0.003614767431817434,0.01623577415928179,0.009926370345714197
2024-03-08,-0.0072015994760193935,-0.005504181412839149,-0.0022440640034306902,-0.0022967521501340293,-0.024325018746304883,-0.006002176588552399
2024-03-11,-0.0014855511504660024,0.0012577491158196619,0.007083972911526848,0.006874151754743929,-0.01601229855760844,-0.0008597807780444944
2024-03-12,0.012221422798937898,0.009632438737200877,0.005700086801420312,0.005757283541581559,0.02537831040290439,0.010757309323894404
2024-03-13,0.004290978045156102,0.00450317917971188,0.003974089919466017,0.003990111948184438,-0.0005427282206180717,-0.0015674579579522119
2024-03-14,-8.050544115190128e-05,-0.00023833670747896996,-0.0013414157466078436,-0.0012672057971754302,-0.004713987334263203,-0.0019768442169106892
2024-03-15,-0.004408702586516933,-0.003932673314697155,-0.002726854640064169,-0.0027455762373029824,-0.003426817488381695,-0.006866621981161836
2024-03-18,0.008102229341651501,0.006328568938399837,0.0015868212462395448,0.0016994239944279066,0.009656633337567833,0.005943246772493582
2024-03-19,0.006829047638007957,0.006521330020454297,0.005754172962213255,0.005734900174997559,0.005223586622306264,0.005557042852464944
2024-03-20,0.008514897878261651,0.00755225769293677,0.0024950567957937597,0.0026000810308504096,0.006345385360242206,0.009249281411522592
2024-03-21,0.0024508767973079326,0.0019082353430150967,0.0010212494288088791,0.0010119087602125099,0.006468516541441316,0.003304668325278204
2024-03-22,-0.00033795810245185187,-0.0017170786750093647,-0.0025939261406339176,-0.002587670319450619,0.0010181759654457334,-0.001895707906331645
2024-03-25,-0.000872667637946023,-0.0015214868206083754,-0.001733338375397131,-0.001699734021583077,7.566136971459692e-05,-0.0027627619814898363
2024-03-26,-0.0030672359742176525,-0.0015231253274103906,0.0016317494520714515,0.001609845041302238,-0.006304060226502983,-0.0018471454771081808
2024-03-27,0.009191729203963828,0.01059632539492994,0.009850809907657299,0.009905837781597704,0.0029128449302739945,0.008403720119138036
2024-03-28,0.0011479481210381337,0.0013737314784636467,0.0024177566508254422,0.002426268045947033,0.0009373286617821996,-0.00019091287188177652
2024-04-01,-0.004464023372620751,-0.005854334644232018,-0.007477919177930614,-0.007461225798936266,-0.004619896970655568,-0.00173974718081793
2024-04-02,-0.004584313624029224,-0.005620549284634291,-0.009321596544102695,-0.009168407240629839,0.004184916874802269,-0.0063581595329857965
2024-04-03,-0.001243458999466318,-0.003322887446892575,-0.007855871166420503,-0.007784600079015047,0.005129755974699668,0.0010985382318788872
2024-04-04,-0.007982753125260533,-0.007458391750147508,-0.006965342347924897,-0.00696973118965849,-0.008919188591003935,-0.012206035069602161
2024-04-05,0.012178485032008357,0.009958233394600002,0.005665973709339411,0.005803145080028216,0.01911180591787698,0.010446772725550835
2024-04-08,-0.0017968583054668308,-0.0013886507632727696,-0.0014688620255082219,-0.0015676492216387672,-0.007649684645099741,0.0005593698015533555
2024-04-09,0.0012183165249397554,0.002167707826179033,0.002458490322347906,0.0024329462305616723,-0.007815927374036358,0.0011566969779741587
2024-04-10,-0.005300035568108985,-0.0068416285848634795,-0.00729330546151985,-0.0072136066438882596,0.005061871446183197,-0.010013044315206221
2024-04-11,0.00456344616737181,0.0021452292585388832,-0.005147080085048383,-0.00507447719470977,0.004810492594563565,0.007546842114540819
2024-04-12,-0.015144881493032503,-0.014354938741790946,-0.014416291382343016,-0.014249309848793468,-0.02281725003460855,-0.013803035187598622
2024-04-15,-0.008777635822280971,-0.006851891606310945,-0.0013372490222781641,-0.001378379013068698,-0.008619341865837127,-0.012528156692778514
2024-04-16,-0.0038809445637902895,-0.004259034091010472,0.0007392538347508193,0.0006671276531813319,-0.0027731825455339365,-0.0018237698467010732
2024-04-17,-4.572184601736584e-05,0.0019955756202885144,0.005482992149758337,0.0054895334159721365,-0.0071278207502069035,-0.0059182083243288774
2024-04-18,0.0028155344322979836,0.0034835070917196287,0.007820122564605292,0.007669427901232817,0.003913837719403457,-0.0020577312150198424
2024-04-19,-0.004239485493445105,0.0015446573843789224,0.01063872589491277,0.010414673067360436,-0.01922625697968372,-0.00872837208703714
2024-04-22,0.00915991427349705,0.00832908627252893,0.005724742431816976,0.005716057913555561,0.013806588706799072,0.009209096153020457
2024-04-23,0.011792078799872208,0.009697443039669906,0.0047279924853123045,0.004801261324393957,0.017876117479599163,0.011866617760478482
2024-04-24,-0.0014256064790085787,0.000150576099225308,0.001816017692737315,0.001789964612137096,-0.006369985564086522,-0.0004746504999844081
2024-04-25,-0.010606308767196482,-0.007855732387275216,0.0001223285274059016,-0.00018824767529757036,-0.021548637684752348,-0.0037987585465807383
2024-04-26,0.010625255656837362,0.006964261434645236,0.0008039032377316069,0.0007504553195996078,0.008086726266123057,0.009473703916774268
2024-04-29,0.000486811020542266,0.001351242880438086,0.0007593234161316076,0.0008725782468963494,0.002762331542948804,0.003541629241127664
2024-04-30,-0.011288320535488672,-0.01003420226124141,-0.0045167421951815,-0.0044292229029428976,-0.0026578569501394256,-0.015841263606096945
2024-05-01,0.0017181703959960881,0.003439793794564716,0.005124143538334236,0.0051571633077636125,-0.008188447377720398,-0.0032472021415731467
2024-05-02,0.008477745201672215,0.006523239188855001,0.0022883220270779603,0.002239084608673503,0.004478399741938643,0.009353569027809039
2024-05-03,0.009782600082552495,0.007926649418842802,-0.0002531616679362081,-0.00023067255096864692,0.004719696180162103,0.012395316823907487
2024-05-06,0.012396269588575981,0.009885903967886689,0.006487311572936472,0.00657708005917601,0.021447338406342054,0.010326752250048754
2024-05-07,-0.0011096675325665828,0.00017980985755516876,0.003966817971727377,0.0038895964105660763,0.0019317963263065785,0.0011033656072225728
2024-05-08,0.0005663115160732257,0.0007178591433691928,0.0009143002465201722,0.0009084031334010145,0.002597156251732846,9.672135395311088e-05
2024-05-09,0.009278140175496885,0.009700527397870973,0.00827549890016166,0.008253258606049751,0.006095386425477134,0.005762018257600365
2024-05-10,0.000843264133514321,0.0012401130003316663,0.0026601230798852793,0.0026080057742696727,0.002460800070685165,0.0012880452019528033
2024-05-13,-0.0012507600139429753,-0.0007957508720157769,-0.0010917429466237305,-0.000997312313374743,-0.002408358347083861,0.00013421870562657645
2024-05-14,0.004175163157342565,0.0033445559160321103,0.0010816149525743057,0.0011481159991877377,0.007688730854983117,0.00458821617675409
2024-05-15,0.010283777858999477,0.009234893586725024,0.007219381073201525,0.007296179338137421,0.016089209180099706,0.01238295535490952
2024-05-16,-0.0028339247240354304,-0.0013309589072409977,0.001908865496165646,0.0018172162209320053,-0.009482959785314993,-0.002057530191465484
2024-05-17,0.002415120400613091,0.0027283641507567236,0.0032429840857877146,0.0032226570170741375,0.0025959253567895413,0.0014375475050403264
2024-05-20,-0.003463262079620333,-0.005246659490220296,-0.00904063401117694,-0.00881981527914355,-0.0002755484020827703,0.0011521850334694772
2024-05-21,0.005181193490680691,0.005625979943202131,0.005717985080754051,0.005740222236262582,0.0046162736256059045,0.002452391922121766
2024-05-22,-0.0035523538327407733,-0.0030217328805997035,-0.0023130580826048464,-0.0022771623274988606,-0.005094084004893196,-0.002879214771869809
2024-05-23,-0.0064677176576823925,-0.009845373580345984,-0.012153698867937268,-0.012208955497005736,0.008085784149732378,-0.007304331303375933
2024-05-24,0.0061097918263026685,0.003781296494629993,-0.0029551910693161876,-0.002950343951299561,0.010492522181813735,0.0066165168645080374
2024-05-28,0.00454119955333776,0.0010315408373475776,-0.004245668087580978,-0.0042389477656912256,0.01171039814881425,0.0006988250410571162
2024-05-29,-0.007975008866527244,-0.00826586861746248,-0.009774073301804798,-0.009735609260022593,-0.006365540781157697,-0.00700246540930749
2024-05-30,-0.0021620190200931644,0.0004482141126889161,0.004037253903715676,0.0039694430608741005,-0.00587776377633753,-0.006633627225859251
2024-05-31,0.010325956885498755,0.011913917384549277,0.01553968765976732,0.015451336095738455,0.00603587925643656,0.009107924324501804
2024-06-03,-0.0006335036855267262,-0.002053390022078716,-0.0025698458406331337,-0.002454090695473643,0.007628936103764028,0.0008153584308059347
2024-06-04,0.0019505735384053313,0.0027291986491237985,0.005543287412135278,0.005508060376838264,0.00221067141313247,0.0011179275472608108
2024-06-05,0.005593572186864959,0.002477613032148218,-0.0035744306135785386,-0.0034824566887180497,0.011088411340084647,0.011885438467632348
2024-06-06,0.0019665216564439536,0.0026806934418324158,0.005026555962225343,0.005031862664547804,0.0025142779398650283,-1.9156629851191376e-05
2024-06-07,-0.0015028248893504959,-0.0015932151929188842,-0.002993650046176022,-0.0030172067868676766,0.0027662593772437294,-0.0012154702497175762
2024-06-10,0.0058922685042006595,0.004606976926586848,0.0038378148564861547,0.0038446980678445986,0.006501438627881884,0.00308967712310948
2024-06-11,-0.0012082246735956037,-0.0011908268155584878,-0.001263604106652716,-0.0013133284494749597,-0.004802163960376693,0.0024083365753087005
2024-06-12,0.002747292296813253,0.0004151687906981394,-0.006872334171243777,-0.006818976066007232,0.0013794891742735516,0.008212907393760238
2024-06-13,0.001953329945922233,0.0020151292049004343,0.003342831104939936,0.003352446971444989,0.008916801559054388,0.0020135187942791344
2024-06-14,0.00016158013138434235,-0.00013246281664203163,0.0001931181232111001,0.00015933307178883638,0.0025679664107352007,0.000608390529004188
2024-06-17,0.0041096326546297135,0.004232406084174523,0.0024280221220096543,0.0024011028347554753,0.003725304415683084,0.007959142683216625
2024-06-18,0.0008910259804679743,0.0005686386530481258,0.0007026147073396771,0.0007520063276791333,0.010071349449159328,0.0025403672955570666
2024-06-20,0.002008412140285909,0.0024635194637627755,0.0037182477063544273,0.003672612373453177,-0.005250559555185164,-0.0027163163319463557
2024-06-21,-0.0025438244502087315,-0.0012455255066693427,0.0003945896893711165,0.00042092449815811506,-0.011712218402581298,-0.0013408350562764682
2024-06-24,0.0016603971221913483,0.004450311872364221,0.009504643883217367,0.00947845416685289,-0.004507793954888206,-0.0032505302034721018
2024-06-25,0.0027819886279678574,-0.0008867051627521327,-0.004958923551199423,-0.004812540503758567,0.014197620621392515,0.003850968477951966
2024-06-26,0.002907830587587812,0.002286396258500245,-0.0009165631160469312,-0.0008000051710528311,0.00042566130184540363,0.0012480367214224852
2024-06-27,0.0024320978065239807,0.0017156768847617077,-0.00016129115561835938,-0.00013810502903865984,-0.0007132533988623013,0.0015764724625828563
2024-06-28,-0.0045530750332331005,-0.0027146870023447844,0.0038705895151316394,0.0037627110949989273,-0.0018267542217630384,-0.003935092411832319
2024-07-01,6.278068222864697e-05,-0.0011509373707474513,-0.004592473190354718,-0.004556864233732916,0.00154161217665294,0.002058070220104957
2024-07-02,0.004859786342465977,0.004830730137142414,0.0024402172782120868,0.002434419030935553,0.0022716400727458286,0.006729604332525785
2024-07-03,0.0028846723314934763,0.001568663375379753,-0.0020177360217153995,-0.0019788709833934437,0.007043267590492341,0.004462649780111905
2024-07-05,0.005867634929641152,0.005215803467383262,0.004116263291370936,0.004199568463506997,0.006277689007888165,0.0057666061812085
2024-07-08,-0.0004217275068918447,-0.0007054119288532057,-0.0019749088013985006,-0.001956286578133515,0.0005696840597935182,0.0011539135195886008
2024-07-09,0.0019502156327619868,0.00140114792600321,0.0012171464286721,0.0012392363236082282,0.006619312098782304,0.0009723302121442678
2024-07-10,0.010080197347283049,0.009559376887438908,0.009545625164768978,0.00953570072238863,0.008189899931419387,0.009895400241756613
2024-07-11,-0.00910353815629994,-0.006076703860327104,-0.0023715539085901183,-0.002390464210505372,-0.019338526115374677,-0.008622775152475781
2024-07-12,0.003677367306652135,0.004278130621780951,0.005218958975732102,0.005271617694031061,0.0010369950395761052,0.006307644914295807
2024-07-15,0.00099186815368979,0.0009839950828149924,0.002411435423915975,0.0022691577871025714,0.006228244466574884,0.002750182680228086
2024-07-16,0.011386527617081255,0.013423922276789346,0.014836810226739772,0.014775574086240528,0.0030202548214137703,0.005930116667674623
2024-07-17,-0.005504251081833278,0.0008918527861880854,0.01464149801376502,0.014432769993952599,-0.016259916936277596,-0.014021236272635962
2024-07-18,-0.008750568082565913,-0.0097384652828586,-0.011077209666315646,-0.011116782037263628,-0.009021500570861263,-0.007684831488831478
2024-07-19,-0.005334717838793912,-0.00436847775071747,-0.002675044463948728,-0.0026278423394177075,-0.006864730045646361,-0.006640584712982678
2024-07-22,0.003064170055331328,0.0008957376226177427,-0.0024222142216697717,-0.002394557069766101,0.011915333997975619,0.010309785293491469
2024-07-23,-0.003955180547207893,-0.004272159378324147,-0.0053574274209736705,-0.0053510796182346665,-0.0019254542862018331,-0.00156844968956249
2024-07-24,-0.01308648720117378,-0.007440561076286323,0.0033492905088243763,0.0033245452856951463,-0.02201748540937498,-0.022662597303206633
2024-07-25,-0.00552441112997426,-0.003445453592831327,0.0004951776435264676,0.00037235765191079295,-0.00957403839022708,-0.005210054781980777
2024-07-26,0.008814066404408072,0.008968815770542982,0.00818205580902176,0.008154870023366678,0.0064033362409552375,0.011199558305598156
2024-07-29,-0.0017705615581240508,-0.002179030858184161,-0.0033869821350928087,-0.0033216968603153596,-0.004662257342692211,0.00058765093188895
2024-07-30,-0.0013239391495827313,0.0003043202656953792,0.0018954489179401346,0.001815925753118286,-0.015022335701746048,-0.005066374868737178
2024-07-31,0.009190613349520316,0.003738952523709038,-0.003960698301372689,-0.003895633908799767,0.022584181933563485,0.016254763077581114
2024-08-01,-0.00618773979242504,-0.003513657051009922,0.00600438913225676,0.005999114855228971,-0.010100001665771074,-0.014161008220237692
2024-08-02,-0.013660560940770838,-0.00835526234216255,0.005258331434638608,0.005185415966352691,-0.017031751368674852,-0.01861846343648277
2024-08-05,-0.028171015280277545,-0.025849710158052486,-0.022929943896457528,-0.02295376636197688,-0.029177550560685717,-0.029123727638130092
2024-08-06,0.009367857955353776,0.006719501133822359,0.0011704405559855857,0.0011897486103273902,0.022043366996057356,0.009219560351751754
2024-08-07,-0.0057493098110339425,-0.0034184050510371877,2.8929483894657437e-05,-0.00012382585048043016,-0.011448493715129238,-0.006684148306877136
2024-08-08,0.021811955834690977,0.01874472685342976,0.017086012771890147,0.017085812062264782,0.04026242288698967,0.023117466655731445
2024-08-09,0.007419244257192981,0.0064678449306931896,0.006386692287078555,0.006398916335434768,0.01429047899801894,0.004409665593498424
2024-08-12,-0.00024623730042183656,-0.0018289755426101895,-0.004163068298747574,-0.004192183033123631,0.0038727921833403567,0.000525417096874703
2024-08-13,0.011095354225638898,0.008215288602691384,0.004495083526282695,0.004539926084914825,0.018435519749691487,0.01644569275654506
2024-08-14,0.004851175503721716,0.004924387996723567,0.006364869639604809,0.0063770729113048485,0.009154380780854288,0.0031546404749551726
2024-08-15,0.01188279118803548,0.009386013590449771,0.0036667787995090517,0.0037329794235709812,0.014346450173925662,0.017140106377672826
2024-08-16,0.0011796498770406671,0.0015109660984800044,0.00029228572839112843,0.0003349935292229489,-0.0023387864444018858,0.002242125295690567
2024-08-19,0.007327323407196218,0.005524377408115955,0.002723666794224533,0.0027222387148742033,0.009138876365375914,0.00956155796819802
2024-08-20,-0.0015500574643002585,-0.000211164971860911,0.002994841503140222,0.003112252985481234,-0.0027607334420864937,-0.001626292709057342
2024-08-21,0.003206636301656296,0.0026891907467170295,0.0011226204400738293,0.0012099946336652234,0.0031784377488150994,0.003436585225409017
2024-08-22,-0.005391895766924781,-0.003574437561481014,0.0005602825684152268,0.0004728528786575037,-0.004430615262237869,-0.007848563579953782
2024-08-23,0.00980442403144366,0.008818503652618048,0.0057897661003318834,0.00581619564744007,0.011009157075475562,0.010625422141462115
2024-08-26,0.0028023976656132987,0.004627579118011038,0.007096516101323447,0.0070406506432452165,0.0005265177144131439,-0.002383599249555335
2024-08-27,-0.0012611095958491303,-0.0008568040951537625,-5.3845793215656634e-05,-6.78984406995431e-05,0.00352705266473885,0.0013730177481716677
2024-08-28,-0.005750128222958617,-0.004376265592571538,-0.0019421248962013804,-0.0019544942559295286,-0.008234345025630918,-0.005805546643437465
2024-08-29,0.00029516231026094353,0.0021948679859260523,0.0035329814594873277,0.0035002861760558,-0.007144171473675076,8.975135956479363e-05
2024-08-30,0.009337734725459068,0.008623184307503973,0.007236982100185196,0.007271609026925363,0.010342657053330706,0.00954599535038092
2024-09-03,-0.01609165143671132,-0.011181189143943393,-0.0014850162182646898,-0.0016028880370067,-0.023016240189265957,-0.020579015736663653
2024-09-04,-0.0032136184669095957,-0.0023464230880116954,-0.001255906044161037,-0.0012746388115685292,-0.004221969506159828,-0.0020468082719109493
2024-09-05,-0.005214010630262056,-0.006878462975041244,-0.011383851115243537,-0.011316855443615603,-0.008556455817438358,-0.002432308607097755
2024-09-06,-0.014781429558887949,-0.01192993342764559,-0.006709546770921837,-0.006708772690246723,-0.016208843005263263,-0.01682994720690245
2024-09-09,0.01169236426247422,0.011146334549684056,0.008958024149089194,0.008982314120694834,0.01438338350819901,0.011196119759984358
2024-09-10,-0.0006350911939910775,-0.0014501353738517464,-0.004256571470487525,-0.004003896415199715,-0.007528225636158514,0.004355727612951998
2024-09-11,0.006852806306568704,0.0022468505787018866,-0.005664393090249797,-0.005570544197173732,0.013609019312644355,0.010258872610299896
2024-09-12,0.008493721568248347,0.006694900453427355,0.00426239191949529,0.004270779147854675,0.010291176839365423,0.008423365394310656
2024-09-13,0.004659158475298408,0.0049575146191789266,0.0041476684762096205,0.004248070845827012,-0.0003640240600367717,0.005222868725494045
2024-09-16,0.003393850904539697,0.00461101984383272,0.007433179497369435,0.0073544670369760645,0.004621481997720611,0.001476693485450209
2024-09-17,0.0019463970394488772,0.0012070263751711163,-0.0031745929521724836,-0.003069471638370014,-0.003524247632442523,0.00040863570139482164
2024-09-18,-0.0010709610161109273,-0.0012413463576641526,-0.0025523973711848447,-0.002503901233647743,-0.004723335588055377,-0.0029658482497332272
2024-09-19,0.012433590060484834,0.008543337625899872,-0.0011595085608694378,-0.0010311572231233024,0.016818351227977812,0.017064247062627436
2024-09-20,0.0006808393314705619,0.0017416425483558484,0.004321562389938416,0.0043386379703842515,0.0010228599082642287,-0.0017285076847114444
2024-09-23,0.002383853923980439,0.0020518292896154477,0.0007908274623225076,0.0008191727829283124,0.0026116052284645974,0.002498736566147297
2024-09-24,0.0033223352064142286,0.0016034943246150402,-0.00171901588464618,-0.001579317971803329,0.008767779605699522,0.0028615781449987665
2024-09-25,-0.0032064762362070676,-0.004266134030656232,-0.00543229536781098,-0.005471463208702287,0.0004460028631338986,-0.002205804234343689
2024-09-26,-2.4352424443097043e-05,-0.00011920456357183973,-0.002225315791768878,-0.002086478252868784,0.0003593505853280998,0.003964896832421516
2024-09-27,0.00042590730147096245,0.0016072084688847355,0.0030330349222869035,0.002985692455263589,-0.0062917935754157606,-0.0014501817651597637
2024-09-30,0.005326381717594142,0.005119818440098456,0.004264311680030941,0.004283604160766785,0.0033811976745456995,0.004007095023286
2024-10-01,-0.004493965657011767,-0.0035502132613219883,-0.0010037769794517537,-0.0010647934461887054,-0.006874835771862098,-0.008958431351300034
2024-10-02,0.0016680985460719722,0.0008575340391132613,0.0005439800619035928,0.00046009800883495267,0.0029728490945160058,0.00042202363709265
2024-10-03,-0.0007892269618539061,-0.002402050231228081,-0.0037370261432355667,-0.0038014474901849615,0.00202737414385723,-0.0018282171786313528
2024-10-04,0.00755832521331623,0.0056810067903272365,0.0026427667967425794,0.0025202921450624416,0.01234626339350875,0.009087227065619485
2024-10-07,-0.009833154705580438,-0.009966344620066403,-0.007724533120861965,-0.0077670728726633165,0.00030022403760288086,-0.009040266802971764
2024-10-08,0.004711375678685181,0.003331547210388086,0.0008168380263136044,0.0009404828005086241,0.006380865691189008,0.009457502056749778
2024-10-09,0.007024717966248151,0.007685707611298387,0.00792362474414765,0.007950775652384667,0.007076003263450925,0.0069263611793406454
2024-10-10,-0.0011459057764982017,-0.0017319910553617035,-0.0005432104671093674,-0.000675995591542855,-0.0005082760509272921,-0.0017498385458812882
2024-10-11,0.010545379644908426,0.010374044063966137,0.008651709947543162,0.008642927709421766,0.014903025680244042,0.005988146615637513
2024-10-14,0.004677850863609612,0.004605301782016458,0.005060237583349947,0.00503505068682597,0.002771883273946507,0.008178293432501205
2024-10-15,-0.009568368887335477,-0.007555875538433177,-0.011676920976370075,-0.011245344736810825,-0.01593801917208415,-0.007769554234868026
2024-10-16,0.005639992788148973,0.004751807174208089,0.0036017743084042486,0.003541567507630461,0.007045481270365972,0.0043463290249941
2024-10-17,-0.00088561899339612,-0.0013503402615465676,-0.0018583815899984035,-0.0017803176055787295,0.0009376095955699881,8.578902633948893e-05
2024-10-18,0.0030079542011343108,0.002983972314076988,0.0031986301377195936,0.003191772980305485,0.0027065029803667873,0.003846557184678856
2024-10-21,-0.002735258228727777,-0.005029472881850849,-0.006757896577806344,-0.006855991112574622,-8.426916390247285e-07,-0.001642085586432973
2024-10-22,0.0028008834281278983,0.0025471295693979545,0.0023901526629206415,0.002335448100410531,0.0020404612201974093,-0.0005312147799875211
2024-10-23,-0.007940263343220066,-0.006114090664933625,-0.004479971313803066,-0.00446031797191726,-0.013032741096421718,-0.009137361442716818
2024-10-24,-0.002048739323309623,-0.0029536338461851885,-0.005497908485465053,-0.005444484214949696,-0.00023888322316611976,0.0021627712512630737
2024-10-25,-0.001693940143323358,-0.0032359947237267095,-0.003746993588872094,-0.003808209158327247,-0.0008518818452221133,-0.0003455078964545999
2024-10-28,0.005261541184597984,0.005061462304210229,0.002539883697769474,0.002615810864478707,0.00402523830323509,0.003091342450883827
2024-10-29,-0.00347392569203242,-0.005842284677414211,-0.007381479338323782,-0.0074349179619301875,-0.0015971917108049682,0.0016186358142744606
2024-10-30,-0.005605845591423075,-0.004729907002191669,-0.004467677080201349,-0.0045441949372511115,-0.01407862152787065,-0.0030255295975786245
2024-10-31,-0.013964397892180624,-0.011217035094593153,-0.0077899315209942754,-0.007785917471342496,-0.01967117795699891,-0.019602783131794532
2024-11-01,0.00330418903691454,0.002179571732634944,0.0021549754073890703,0.0020702535304994996,0.0014320214723182456,0.004220306778266458
2024-11-04,-0.0023433670389035877,-0.0019776610273526396,-0.0032610101640448974,-0.003216160852723471,-0.005035256183868797,-0.0021537737122404588
2024-11-05,0.008903514595113071,0.007475038645752274,0.004948079105801861,0.004993373788577671,0.011512678261728526,0.01209170270802118
2024-11-06,0.019193723732014778,0.015821691545622185,0.010256280703898613,0.0101484425115832,0.01974664456160591,0.024865513827702967
2024-11-07,0.006622432398239564,0.004767483503731462,0.0025418573731859073,0.0026290940334869894,0.007881456876992043,0.007732033917822401
2024-11-08,0.00431592356677335,0.005667906833090486,0.008264398189506972,0.008108605450390494,0.009186925460205053,0.004331775097964785
2024-11-11,-0.0008937547053238237,-0.0010554250759207129,-0.002139059697498169,-0.0021395946910870434,-0.004275079143429061,0.0009530598692564229
2024-11-12,-0.0025475112183442894,-0.003690051528831506,-0.0052099496521590405,-0.005191091789417568,-8.702298112894802e-05,-0.0031065406398427253
2024-11-13,0.0019346634344874492,0.002601408613727818,0.0020918138576695444,0.002030613384657265,-0.00422333473673786,0.00048582421529919095
2024-11-14,2.6389533156701006e-05,-0.00045580369337605564,-0.003654548725931961,-0.003595148709294782,-0.0057316152057411696,-0.006430071675543769
2024-11-15,-0.006844831893642711,-0.004203626690879592,-0.0033049985123008163,-0.0032951264902525423,-0.016266930542847113,-0.012808558725840302
2024-11-18,0.0009112153606714024,0.002018585592939548,0.0019471053980912867,0.0019736460066073214,-0.003412105294710699,0.004097456699558855
2024-11-19,0.0018551822730883405,4.137788325975222e-06,-0.0025944395055963465,-0.002543663599316237,0.008462199732768738,0.0036552081684222415
2024-11-20,0.002669138885710076,0.002840885592343634,0.0074207588208656805,0.007375506794201403,0.005022174065971052,0.00033882286950914775
2024-11-21,0.004070531873668681,0.00622243470936934,0.007450155166051076,0.007438684579758936,0.007709524328748607,0.005368359607651696
2024-11-22,0.002176350025511864,0.004243737379928669,0.004347998816611964,0.0043495648723148594,0.0002823865512990853,0.0030995175710777367
2024-11-25,0.005680388700856964,0.006373896325109429,0.00534687794667188,0.005406055563549117,0.0003951042165248886,0.0033920346473532703
2024-11-26,0.008639407135938804,0.007652329348972309,0.007227811068546197,0.007171083031184411,0.011394697241090102,0.0052214925473701435
2024-11-27,-0.0014505608838226713,-0.0010711744835663062,-0.0007255007785442746,-0.0007082230834570824,-0.004316017242918746,-0.0030302312026355693
2024-11-29,0.0038818266562614667,0.0029749949030526412,0.0018206895173928928,0.0018611288866487996,0.006888963626931144,0.006212147754395492
2024-12-02,0.0015200002166082527,0.0004217126677616978,-3.139299244614424e-05,-8.130960889884964e-05,0.003888241495772604,0.0017924255933217115
2024-12-03,0.0009466722429651853,-0.0012845104127859885,-0.005477319533158109,-0.005480426584069886,0.00523064894066283,0.0004637527030502131
2024-12-04,0.0012796622383624001,-0.0015193101615639248,-0.004838787534165556,-0.004776799201478776,0.008277054473073031,0.0062095238144199705
2024-12-05,-0.0016037758654124934,-0.0010187607287573952,-0.002059210023958369,-0.002036878464833025,-0.005451295134833667,-0.001645613182757355
2024-12-06,-0.0015356175985837828,-0.002564415273611398,-0.007444888669689509,-0.0073603495464164,-0.0021821044504224396,0.0018956671791465762
2024-12-09,-0.004669592281769774,-0.0035318670670597685,-0.002513037316422162,-0.002501377451680775,-0.01385527088651517,-0.0051495161671911704
2024-12-10,-0.0002499002115168292,0.0004033379596555253,0.0028130581235199514,0.002721550310486487,-0.002563707739015264,-0.0031089658128387043
2024-12-11,0.0028133441027307082,-0.00028109195574499424,-0.007062076761536473,-0.006943110578153666,0.002516812432046489,0.007730564045035582
2024-12-12,-0.0066889965923974115,-0.005070010302019479,-0.002518566566007241,-0.002594028269563231,-0.01004215142041931,-0.005152893255626623
2024-12-13,-0.004383232978905416,-0.0035021922158982033,-0.0026699133210903447,-0.0026393490124501096,-0.0052014580730168625,-0.00019849144409289643
2024-12-16,-0.00404226250469264,-0.0051306177374551565,-0.008984032912400464,-0.008928308136416763,-0.006367666723968268,0.004270015186276677
2024-12-17,-0.0032363535094694917,-0.0018328106503140429,0.0011702705699523364,0.0011297966922920732,-0.008034464510721318,-0.004120034227912184
2024-12-18,-0.022787920985922083,-0.0211048020094613,-0.01402074811103049,-0.014152402291183308,-0.018162883651799966,-0.029803379206563174
2024-12-19,-0.003951967766791187,-0.004850705198753746,-0.0053574991428155805,-0.005397373627017643,-0.0012597448493001373,-0.0003071698934036249
2024-12-20,0.010279615771355832,0.009219311297650634,0.006467063691803165,0.00655097424907547,0.0077145220730328035,0.012011007391077966
2024-12-23,0.006770533791865985,0.0046198513302517785,0.004097606184420011,0.0040979280738717705,0.01587449785848194,0.005988234505759804
2024-12-24,0.00786975902154019,0.007663454114658075,0.0061072272898092805,0.006132222451040503,0.007085050116673486,0.011115071527780795
2024-12-26,-0.0009811911872409373,-0.0005743638690876018,0.0006954274878205879,0.0006430525820353417,7.679827136941597e-05,6.655015307766021e-05
2024-12-27,-0.008636661321978378,-0.0077210878446799525,-0.006340610798828306,-0.006336395449978216,-0.010349854768191169,-0.010526436711531195
2024-12-30,-0.009098654600357636,-0.009555142702338926,-0.00996287809881824,-0.009942776330091108,-0.009540249953161384,-0.011411681659168726
2024-12-31,-0.0018215101384649879,-0.0002700949525170637,0.0023560228643138004,0.002310173798514281,-0.00548333358180042,-0.0036379652708030674
2025-01-02,0.00024496670520668395,-0.0018099595341101171,-0.004662135564604819,-0.004489211072883914,0.003961511603464585,-0.0024571728251310265
2025-01-03,0.008931456781135827,0.0068242191711487266,0.004339322087067554,0.004349069150600515,0.0119700444938724,0.012503583332472923
2025-01-06,0.0036700130754168114,0.0003003021646630355,-0.005307307218486823,-0.005336431233602057,0.007210651186272843,0.005760515948014966
2025-01-07,-0.004347531192405163,-0.0012743487917359353,0.002800782621330322,0.0027762922608607354,-0.011415520974832782,-0.01130410058518061
2025-01-08,0.00022582319459396594,0.0005402608924316432,-0.0004937983852560945,-0.0003517398010232098,0.0022280768900351244,0.0014610447979879204
2025-01-10,-0.009746031377384279,-0.009111544795391557,-0.00788478094073497,-0.007687161170043089,-0.006945741109140036,-0.015267439103620384
2025-01-13,0.003702015183136842,0.005057624974873276,0.008702232548106759,0.00854446625815486,-0.0038451834436602494,0.0015505755883429284
2025-01-14,-0.0008647029486305025,0.0008370393999672654,0.00015496321702324067,0.0001852789394529708,-0.012568550644966092,0.001375834448118285
2025-01-15,0.015822547471192827,0.01336209232087504,0.0071514786248676465,0.0071709180270824735,0.017846139418592255,0.01818998120731763
2025-01-16,-0.003966512284530044,-0.002330794329466812,-0.002843244023468694,-0.002628901823955365,-0.007109688512882406,-0.001923047849684556
2025-01-17,0.006575075611511938,0.006252025491455981,0.005204631722248498,0.005206800568475778,0.008309520266133852,0.010039691092357028
2025-01-21,0.007909102445612604,0.006139174735750874,0.0035012602576025564,0.003531714209279224,0.008558650014351521,0.009153716301576686
2025-01-22,0.0004377459812572315,-0.0016162812031934592,-0.0008380835622675553,-0.0009446547205630429,0.012018919421917351,0.005621461948767337
2025-01-23,0.008081445591146652,0.0072927133978204495,0.0059117320613397695,0.005869193825487562,0.008366686923421796,0.005457962960910834
2025-01-24,0.00281339546031667,0.0025587420475565725,-0.0005605999749770385,-0.00041993293832309764,-0.0015511949326195706,-0.002919267584419627
2025-01-27,0.002353879677596815,0.01024597257668014,0.01848597504630667,0.018504375761903447,-0.007495579750434689,-0.014145474166042837
2025-01-28,0.0004660668995954964,-0.0036898334278774314,-0.00677263792683469,-0.00682346477411977,0.014916683578759082,0.008592575148158144
2025-01-29,-0.0015188983585686655,-0.0002304350485338169,0.0009882867538899553,0.0009108096589716119,-0.004466786072171991,-0.004483083404008825
2025-01-30,0.002135332816529445,0.0027770048941291314,0.006409793809774467,0.006585728872237739,0.010449043107462197,0.005367173798735969
2025-01-31,-0.007365416570951577,-0.007503541658452906,-0.008872802080322595,-0.008983588011682975,-0.008659470003946401,-0.005321857758491699
2025-02-03,-0.00302443434559152,-0.0015497902661220087,0.000692064794083791,0.000666630701676052,0.003992371399393457,-0.006729511008926714
2025-02-04,0.008775363424726956,0.007707588894940276,0.006582220064394573,0.006614688801394264,0.008312228653055476,0.006708369225532751
2025-02-05,-0.0007605699793530318,-0.0002467213031210891,0.0024759597151318147,0.002416609326048258,0.014338192991144139,0.004054355500930473
2025-02-06,0.006699651370018378,0.004887027780513753,0.0010177702182563308,0.001175764234843113,0.014094734904107176,0.003475710964349954
2025-02-07,-0.0072484345865421185,-0.006782234001245224,-0.00353385641517423,-0.00361846998930615,0.000443017219817321,-0.00915366100188586
2025-02-10,0.006293997075030866,0.006088710477527348,0.006705183747654608,0.006735208552703487,0.003884332863638207,0.006791099895207431
2025-02-11,0.005848850867416822,0.008443172404132948,0.01254734263046653,0.012520749577034307,0.004898973042779753,0.0007605777880628217
2025-02-12,-0.006023902933595782,-0.004788033758599042,-0.0019089540246667314,-0.0018798389380748626,0.0024418517176580945,-0.003221362571984021
2025-02-13,0.008094096600982592,0.0080578423440123,0.009701720132716973,0.00971924709815064,0.0094181469476593,0.010557518024569168
2025-02-14,-0.0031872076585423015,-0.0054415600339901005,-0.01013434291011095,-0.010060913030462082,-0.00764761965279992,-4.909494814420157e-05
2025-02-18,-0.0024244953946810366,-0.0014945312043419534,0.0017638971769153855,0.0015534276134565594,-0.0022094214532258905,0.0029357362511450713
2025-02-19,0.003843356114244134,0.005024344866737307,0.010135253985117831,0.010025058674867582,0.002276667626712525,0.002354761867883637
2025-02-20,-0.003739683835750185,-0.00344635976433727,0.0006110691680702995,0.0004068947390636346,-0.010885717699348207,-0.004160118041472982
2025-02-21,-0.011489400974626363,-0.007497403335565145,-0.0021739030568270756,-0.0022234734241524112,-0.00995911671322569,-0.01710416427345829
2025-02-24,-0.004148788133241488,-0.0027436000233495017,-0.00047115520664786636,-0.00047574282942042245,-0.008548658091808381,-0.00455050309438032
2025-02-25,0.0005631031276931431,0.002907412594638892,0.004215455588698402,0.0044839526321633905,0.0017092648995276072,-0.004973131978396661
2025-02-26,-0.001614710391591001,-0.004706095209968564,-0.007562580448052469,-0.007627344310788375,0.004918223561819035,0.0005048990722129609
2025-02-27,-0.010386909442365977,-0.006308271357635675,-0.002885449094361392,-0.0029028738269784027,-0.01698686228552837,-0.01596187439310348
2025-02-28,0.01757791389042196,0.01616853082017733,0.01263728237032602,0.012702037565523128,0.019980292004698752,0.015605520226017022
2025-03-03,-0.015083948660143842,-0.011048386000468313,-0.005948570974390832,-0.005945796539217785,-0.010117829840009196,-0.01752012049353935
2025-03-04,-0.01307858255669958,-0.014312362269476742,-0.011084603785500358,-0.011225710271556166,-0.0177797561269164,-0.011836625779462762
2025-03-05,0.007782940454315934,0.006451236997495613,0.0038585500380681204,0.0038768992589093276,0.01067674050543621,0.010747771889397129
2025-03-06,-0.010285893195288942,-0.007213663631329359,-0.0010857180984777948,-0.001331531339006875,-0.019945068052816706,-0.01775115276154049
2025-03-07,0.0016399069861352533,0.0012204890743090502,0.0023177383190302603,0.0019302925014510475,-0.014863956751243745,0.0056046769049549194
2025-03-10,-0.018380343251658826,-0.015230412122347325,-0.010345839030431736,-0.010653527136079033,-0.02820084358479369,-0.026635523611823086
2025-03-11,-0.010742897671665141,-0.01190280590015802,-0.011830871776338348,-0.011844895864871918,-0.0037323605697549,-0.008312884821881528
2025-03-12,-0.0004949292584279785,-0.004393245539889845,-0.00848754035034227,-0.008487253970879571,0.0019518991238918204,0.005306679814377491
2025-03-13,-0.014798087934506876,-0.01378171968830122,-0.007742220232861419,-0.008071520086335604,-0.018585913899015427,-0.0133304647714797
2025-03-14,0.018719229665486115,0.01608280939725204,0.011844580254088966,0.011817087576050822,0.018817942354101724,0.02065561840560548
2025-03-17,0.004275799070674768,0.00580239679767125,0.008112597520956832,0.00809451460040278,0.005060512543524576,0.007711356826297644
2025-03-18,-0.009063585225327464,-0.007582059443719258,-0.005071229883055195,-0.00502297939594698,-0.01352327419460786,-0.010808335029952265
2025-03-19,0.00921014372753981,0.008240749938311032,0.006060610325021143,0.006101536222077764,0.008267752421689645,0.010890711945233278
2025-03-20,0.0010276127019930303,0.0007171444141074179,0.0005095765873686098,0.0004960297232514677,0.0011878083787706384,-0.002891637395928459
2025-03-21,0.002550009737874559,0.0019618784896615615,0.00070412429635347,0.0007685504619892036,0.002720390689457508,0.00032983073110925964
2025-03-24,0.01362285568568855,0.011453758949184545,0.00530538695732341,0.005602618545988314,0.020040535304435503,0.017908513097598222
2025-03-25,0.0010310921254848004,0.0003194349550557085,-0.0021956503925668613,-0.0021128871945242933,-0.0014134916748004267,0.0024038464133808723
2025-03-26,-0.00542949412416327,-0.0013283435063653481,0.003797357829913306,0.003648268325899595,-0.009956393885325987,-0.011938222842237556
2025-03-27,-0.0019526171559036687,1.3214080427426111e-05,0.0029152131204503995,0.0028725496064454514,-0.00228814056189075,-0.0026556741089982516
2025-03-28,-0.016396970872029404,-0.014432152253958885,-0.009027898155692382,-0.009062740668422276,-0.01309851581522059,-0.020138544607648745
2025-03-31,0.00737372119000268,0.00915013489054095,0.010610500354137686,0.010729724263985219,0.00813234289985032,0.006713056636410641
2025-04-01,-0.0011352896936229762,-0.0030756388991021177,-0.008277761217164503,-0.008365197981987649,-0.006779517388605716,0.0028244683439817564
2025-04-02,0.0036561150896974315,0.0031657671968250423,0.000396684943216874,0.0004471200483100457,0.0049285331316606396,0.006328306068744682
2025-04-03,-0.042054911386262606,-0.034744951283408265,-0.01059925789279259,-0.011058810455368051,-0.02965637208853178,-0.049280845181454924
2025-04-04,-0.054097334918731144,-0.05295787081897452,-0.05070227585408538,-0.05096896174229604,-0.05834273202379692,-0.05854293514248743
2025-04-07,-0.006197615029837289,-0.00935019637529666,-0.012420738984256552,-0.01243331545223747,-0.002310885749374214,-0.0017811294103978748
2025-04-08,-0.009474992018462691,-0.009073153233075448,-0.004759079594104265,-0.004911018957036162,-0.0023482723161341035,-0.015662774063598173
2025-04-09,0.07856388213307097,0.0693907382639436,0.052759654942769796,0.05302590925208572,0.06946625180045474,0.10501940080115757
2025-04-10,-0.03010085200297208,-0.02562826734256185,-0.016789435012701026,-0.017028161220761562,-0.027451876066364345,-0.04381918600191537
2025-04-11,0.01416622819027702,0.014139816268726735,0.017477570451120306,0.01732748873710066,0.017271420524000103,0.017842966096522694
2025-04-14,0.006044990314915344,0.007287288423982963,0.0075333022030834584,0.007594938215728764,0.007333962192788146,0.009701425849561574
2025-04-15,-0.003444740919540834,-0.003842784109045927,-0.004523380074258232,-0.004530046198045312,-0.003061334895228862,-0.0028009566786384443
2025-04-16,-0.019491793068909136,-0.016156580032496426,-0.01095102867855402,-0.011057290002515319,-0.019144184782880935,-0.022227992909334637
2025-04-17,0.0019797426123595585,0.004763510861733655,-0.0005262948459930916,-0.00024512567456402845,0.02763230721341081,0.001426836952728161
2025-04-21,-0.0241597817314797,-0.022126525163505772,-0.019436300232384407,-0.01951778378631286,-0.022666973180620387,-0.02380276035650375
2025-04-22,0.02290266896554294,0.021960197542010063,0.01724256320481299,0.017318246074954358,0.019640794525693117,0.026017769550697123
2025-04-23,0.010819400290248637,0.007202684683468297,-0.0005358728253421763,-0.0003827197073065225,0.006823943923931486,0.015495594475069874
2025-04-24,0.013842284774829627,0.009907560447632191,0.0017260307671624897,0.001657665283847809,0.010822063403395088,0.021048798810382907
2025-04-25,0.006291264502843674,0.003864976641504647,0.0028990499400771697,0.002883481938342536,0.010025551984731429,0.00722532068518511
2025-04-28,-0.0009009192486035822,9.44686673192141e-05,0.000553321520457839,0.0005863300007258321,-0.002534694066951504,0.00038143075651775327
2025-04-29,0.0036907779895076764,0.0038673313907999773,0.0027321942872102767,0.002744036284570095,0.006549033462091458,0.006299261556539371
2025-04-30,-0.001943137266591899,-0.001652619213384332,-0.001363471943057415,-0.001348032975708069,0.0007660676668814759,0.00039692000807867167
2025-05-01,0.001214732105662364,5.612560095902275e-05,-0.0028086105136735373,-0.003643282518228208,-0.009859879248849457,0.0070867873819799865
2025-05-02,0.014208047058066775,0.012791793724574063,0.009903356538186525,0.010219160478827094,0.022298696109592564,0.014844223314850025
2025-05-05,-0.006232634274438986,-0.00635246182578264,-0.00505506519143617,-0.00489381521322918,-0.0004270552461346222,-0.0057343320176437285
2025-05-06,-0.006985728238195321,-0.005617630376748339,-0.0036566290992992023,-0.004045248297821713,-0.013897954382900535,-0.00835827120834487
2025-05-07,0.006700476153966628,0.005983215296896605,0.0019165724628289471,0.002282386613513765,0.00992661805143058,0.004205310841975951
2025-05-08,0.00545633305608173,0.004353175490618311,-0.0014043876525807741,-0.0014543105466846562,-0.0042524739537488365,0.006967927210924207
2025-05-09,-0.000318530583594101,-0.0005101799682609709,-0.004180509901623997,-0.004304320381706028,-0.007599272007799973,-0.0012742010628623568
2025-05-12,0.03081369963062941,0.026179581176785982,0.012304002237271572,0.012630101981257358,0.028725398210881492,0.033047474409546584
2025-05-13,-0.0005114809036143031,-0.003414636630598822,-0.02344758873322328,-0.023006507940301124,0.007127551208070848,0.006603975903342718
2025-05-14,0.0020819941032586,0.0004757995106170476,-0.0015783912462703498,-0.0013801462080562654,0.0029471434951551245,0.001277978578793526
2025-05-15,0.00119203337905871,0.005112985609780907,0.007983634097770143,0.008038585335561121,0.009313289786575751,0.004884270229261967
2025-05-16,0.00795424137644063,0.007616111141633519,0.010057388664194589,0.010153615679239447,0.007947483039213443,0.00633401028245606
2025-05-19,0.000703078187753059,0.0006180770108290545,0.006953233104356027,0.006756133826046673,0.0002004441602705409,0.0010938209078636962
2025-05-20,-0.003417954066124329,-0.0026955809158072386,-0.0009364801371309905,-0.0008115026829026428,-0.0026402685333801745,-0.003362158139129323
2025-05-21,-0.015076761293295604,-0.01359296878358529,-0.008787518334291256,-0.008825486868341725,-0.01167107679828383,-0.016850651675124007
2025-05-22,-0.004080352679589172,-0.004676868138218659,-0.004181814775843229,-0.004163478241092866,-0.002939660209730355,0.000394623664689675
2025-05-23,-0.005223853132922396,-0.0038543867717778513,-0.001384274798385543,-0.0012229846119946597,-0.004506609263021155,-0.006825881910848541
2025-05-27,0.017212700875936404,0.01554359175305109,0.011287962789454431,0.011442402587532374,0.01661316849993888,0.02079067033109183
2025-05-28,-0.005496883879691716,-0.005806867972360075,-0.0056761044852675635,-0.005645583717952429,-0.0049436011263415125,-0.005785333974683282
2025-05-29,0.006386047314333565,0.005528835792448117,0.004363918953570467,0.004540387464664342,0.007973927192059582,0.003947426206994509
2025-05-30,0.0029896583572877056,0.004530403172465336,0.006688527274648193,0.006581565833229774,0.004162231114522408,-0.0011186544512287178
2025-06-02,0.004169960668820805,0.002909752214391048,0.0004184025582285589,0.0003636033636822411,0.009017588672898036,0.005633013409108489
2025-06-03,0.003146883852591653,0.0020750112813363586,-0.002823926445235214,-0.0026714493077257817,0.0027091092405744366,0.005702690255322551
2025-06-04,-0.0001828705429369748,-0.0015529419236577358,-0.0030237287845370497,-0.0030107661454967793,0.0029410495400699066,-0.0002684505356221889
2025-06-05,-0.004929435568284846,-0.005491967686518384,-0.006617454123302835,-0.006631681571415582,-0.011356152485139992,-0.004832886575406703
2025-06-06,0.014044414582693676,0.013000528080264973,0.012023996534126447,0.011966959915515885,0.010800411538997245,0.01026900222080207
2025-06-09,0.0026103615006105585,0.0019973327175624167,0.002200341808673567,0.0021146093805435306,0.0006477544338037156,0.0009012919141444531
2025-06-10,0.01032824379433328,0.009600973590548012,0.0084250583773402,0.008516951006127371,0.008850106700490912,0.00566972538189936
2025-06-11,-0.0021197031692774537,-0.00233122523560203,0.0009333720625517294,0.000531812760021122,-0.006068334647700513,-0.002852060658807165
2025-06-12,0.004078031516247638,0.003971544085239032,0.006722188563163645,0.006573088719169506,0.0047171394849876425,0.00397434233416627
2025-06-13,-0.006608877527959023,-0.006399356582534321,-0.004538796352106966,-0.004974165014301479,-0.011082252503459955,-0.011180176183033796
2025-06-16,0.004683639583157317,0.003274175848775318,-0.0008236679491321341,-0.0008524943917670447,0.006499139744334359,0.00951427348786238
2025-06-17,-0.0070988464358835435,-0.007300170324124777,-0.0063527237783291834,-0.006675925836956198,-0.008993192587863685,-0.008545079721243742
2025-06-18,-0.0013456622749683511,-0.0017775762613809754,-0.005093143767256558,-0.004942058660052262,0.0018399213953985694,-0.000150671970466143
2025-06-20,-0.0035189416103388327,-0.0017947501028878765,-0.0029448190917246153,-0.003161088004047574,-0.004978961308821805,-0.00234848979688862
2025-06-23,0.005195773104753609,0.005896690390478909,0.004387471663639397,0.004674741470660493,0.013944168071673646,0.009877340796649703
2025-06-24,0.006222235991734548,0.0042949912124685685,0.0002773042470385345,0.0008794143661521314,0.0105078861192347,0.01104730218271821
2025-06-25,0.002582029700954891,0.000695328667770001,-0.0006769644477402359,-0.000603112634881886,0.0052492936774610754,0.0005602465948231217
2025-06-26,0.009525352035923307,0.008265954952111354,0.004627450078789508,0.0045318646599343815,0.006773395039889385,0.007823877617262998
2025-06-27,0.005345298647392971,0.00479773209011114,0.0060181517092599,0.0061207944534216185,0.004459247460951943,0.004968324517310441
2025-06-30,0.0008510203967793117,0.0007702224353840492,-0.0008124962816989934,-0.0005607057103459434,0.004820958270119302,0.004781180240354788
2025-07-01,0.007664553518455186,0.009122339708872884,0.010553594810510658,0.010867173970428468,-0.003653547515140798,-0.0003235167221459223
2025-07-02,0.002049369950213098,0.0016941812259132494,-0.002973867402006891,-0.002916370469499774,0.00347469048437965,0.0045332038985859135
2025-07-03,0.006659503786504706,0.0062068698530042266,0.005791517911850841,0.005637189241760154,0.008079681591063093,0.007881328293296797
2025-07-07,-0.0065486488390581465,-0.006203908927109758,-0.0060852888729070465,-0.006044976951363412,-0.004836827067566385,-0.007451977060688675
2025-07-08,-0.0031148597043086923,-0.0035944026353631475,-6.132521871904384e-05,-0.0004293826932559863,-0.010261262214598998,-0.000547799711437924
2025-07-09,0.004528246074999576,0.0031478009902179416,-0.00021017871849260406,-0.00017761994856502206,0.002718689830101484,0.005996787991242591
2025-07-10,0.004479997079778419,0.004705615380258266,0.003628722165861298,0.0038358687824897597,0.0026816909653515353,0.002820223048072723
2025-07-11,-0.0003594311454667709,-0.0008884437680543034,0.00044121228990645633,0.00037147403154413894,-0.0023542343001884403,-0.003515438838923468
2025-07-14,-0.0018945584148372108,-0.0026603532765467897,-0.005838816638061517,-0.005810015240062416,0.002132594979563196,0.0019082600703879127
2025-07-15,-0.007160726879225421,-0.007988528174448395,-0.007607162084500962,-0.007645762889339269,-0.004734521542475667,-0.00427312979854777
2025-07-16,0.0037867318884814427,0.0045332895208864965,0.009255747855569263,0.009374243774061375,-0.0020420527453632875,0.0033431227230265037
2025-07-17,0.003972794340141972,0.004931163816255246,0.0032400980116424893,0.003486231666461892,0.007576851029384546,0.006119571230662091
2025-07-18,-0.0013981648112870726,-0.0019027755663136858,-0.006934573846089309,-0.0061331060321315745,0.0007113410130945574,-0.0007321830461284318
2025-07-21,0.0025886403593418095,0.0026368013757858133,0.0028868028345945262,0.0028063215138927067,-9.797962475965871e-05,0.0018960214513701334
2025-07-22,0.004618410085843516,0.005728574040705592,0.006726723048434469,0.0068973687500453185,-0.0037987114518940324,0.00014305906695666337
2025-07-23,0.006604845890098909,0.005584089396805547,0.0051052535830478085,0.005032797923889776,0.010070483046312528,0.008507452173003083
2025-07-24,0.0012974600800916836,0.0012603590697113365,0.00019568367960798305,0.00017778889572528378,0.0032135170464302476,0.00033116888459150395
2025-07-25,0.001063940506447869,0.0007164298287805071,-9.485675447928887e-05,-0.00014530830662273786,0.0015841082906560278,0.004224296492184365
2025-07-28,-0.0005462207218481785,-0.0018654905811262834,-0.004092311206882471,-0.004141799504822297,-0.0002260169711514326,-0.000251206950129923
2025-07-29,-0.0061424306649922045,-0.0029992321666623134,0.0014578778034262108,0.0011873483087689873,-0.007371717818835721,-0.0026375101438540494
2025-07-30,-0.0033833460462567855,-0.005249561192659069,-0.00620975829316972,-0.006371681589649625,0.00024522334097976106,-0.0012592832079658667
2025-07-31,-0.001711676468784007,-0.003005491886588163,-0.007324613031435501,-0.00822428377523432,0.0058519474799594295,-0.0037511180468189353
2025-08-01,-0.013853642636169172,-0.010208525855514572,-0.0035017417251993477,-0.003137496259877137,-0.005401212200735084,-0.016390596231815602
2025-08-04,0.010981841791848579,0.009581662789143852,0.008105294451633105,0.008626060426107918,0.016475689768347568,0.015199796529632659
2025-08-05,-0.0002305937317824691,-0.00045604123042319866,-0.0003851092152390434,-5.87622912351371e-06,-0.007180050870042587,-0.005069970115634925
2025-08-06,0.0024515798726056914,0.0033041948112910724,0.0011548367898732703,0.0012411735178838867,0.0038796501338806966,0.007659766552487346
2025-08-07,-0.00667139995443522,-0.004041787147700315,-0.0004147531896263601,-0.00037763732185602805,-0.012387624661249319,-0.0008375655640840973
2025-08-08,0.007819425334555374,0.007285671874658117,0.0060753662240962125,0.006126831734220017,0.0040397942591516856,0.007797445099656741
2025-08-11,-0.0005289786273101615,5.3968272115234583e-05,0.002280570329921572,0.002371829451433216,0.0015460560757678543,-0.001977557327188628
2025-08-12,0.009903415762874124,0.00858304356501649,0.005810110852005446,0.005786739330682522,0.008192081664994522,0.010645957417154017
2025-08-13,0.006100725359446946,0.005393195813254037,0.0045673591670576386,0.004755063839786411,-0.003350766598913091,0.003423355071057843
2025-08-14,0.002221788685335069,0.0005116808081147006,-0.0032717083674833614,-0.0032252428253907173,0.003691963728894354,9.30526766202977e-05
2025-08-15,0.007691902245699822,0.005862417683041965,0.011580818838549334,0.011861530318774571,-0.001442188550667023,-0.002341447954771203
2025-08-18,0.0011476622416637383,0.0006249436906029526,0.0001042846569956346,9.494651616548389e-05,-0.0006862677625465441,-0.00021738789696412741
2025-08-19,-0.0007987312809589753,0.001948334498631965,0.004505192087449483,0.0044255124493006726,-0.003750112679414719,-0.00542520451552686
2025-08-20,-0.0008215579838665166,0.0004341016561855149,0.0022524071031018167,0.0022287081610556925,0.005187002766005477,-0.0026571036707213613
2025-08-21,-0.0022287930248887644,-0.002528930458715384,-0.0007209367573737246,-0.0006919325051450986,-0.006106600953118879,-0.004011786003511708
2025-08-22,0.014917990387501856,0.013106709456039312,0.006930976196665384,0.007078851987835089,0.008661051257645935,0.015356808978612024
2025-08-25,-0.00596932472320022,-0.006900685023044528,-0.007542274879941857,-0.007659206980062394,-0.007519155630507091,-0.004401115445011317
2025-08-26,0.0024784573232901064,0.0014381407390708922,-0.0026584413770903703,-0.002470765245129458,0.007606387588128483,0.004186966614714294
2025-08-27,0.0030356740876373856,0.003541054435336255,0.005687280912090031,0.005419331965039742,0.0009481044761558977,0.002278549131595531
2025-08-28,0.00011871901256554906,-0.00037187877930577873,-0.001836709384264612,-0.0020447988795987415,-0.0019909778985062188,0.003541412018845058
2025-08-29,-0.0005879441106479977,0.0010066520631288878,0.006548141730948309,0.006515350863789182,-0.007130079160881264,-0.005963766656318592
2025-09-02,-0.002828170907033467,-0.0017424309228629697,0.0007010742478226195,0.0007184165102052109,-0.005209350714983185,-0.007410239855800915
2025-09-03,0.0034825720879627653,0.0025976106183138725,0.0013339965954468624,0.0017019321673923393,0.0008193503623614706,0.005419573443044001
2025-09-04,0.008024489058605644,0.007011540860653254,0.0036028030630526064,0.0035410390312404783,0.006355911516347623,0.008357604688242537
2025-09-05,-0.0062104355780978615,-0.005864688454451095,-0.006611909347538414,-0.006185974902728875,-0.008914399752903202,-0.002896332731243123
2025-09-08,0.0016110859838605052,0.0006940003926720895,0.0009341789278174417,0.000706345332950109,-0.00047851102781704125,0.002456464895266741
2025-09-09,0.009185504772768693,0.006917382269068462,0.008702862828967595,0.00882463165075964,0.010040135056968102,0.00231190471125875
2025-09-10,-0.0021105406592623055,-0.0029005264874404357,-0.0012977043286047651,-0.0012711214972451756,-0.0005260543167852072,0.0028908492062686975
2025-09-11,0.007866801883252617,0.008019130591998547,0.006029463870445451,0.006347016050722631,0.006655826635984852,0.008310153402426135
2025-09-12,0.0004878433121227044,4.2201569635968994e-05,0.00019198068569581395,-0.00018874204996288668,0.0006112542661858011,-0.00033442660969984495
2025-09-15,0.0036272878449019608,0.002768448857669137,0.0012061220531642824,0.0011645724903228682,0.00017713014379783232,0.005323725978413796
2025-09-16,0.0007281477797265179,0.0010484414984082147,-0.0006108014160844943,-0.0007627707018068586,-0.00166067993947705,-0.0013767471080817772
2025-09-17,0.0027803038170155503,0.004331613912471166,0.005659944163438624,0.005539179513732062,0.0024591707168839516,-0.0012423553761597983
2025-09-18,0.00019933330466970212,-0.0020071357850638405,-0.009646588910331322,-0.009276444151288699,0.0027381933407850667,0.004672464341460181
2025-09-19,0.0013962884758838001,0.0012281591763250166,0.002291367512470943,0.00195517510737786,0.0025079163881653876,0.00495283642307931
2025-09-22,4.474375206231507e-05,-0.0021460764079412886,-0.006953236272781882,-0.006619839816977335,-0.0015342525552145547,0.0047310851644255525
2025-09-23,-0.0025801717294601234,-0.0009383626686075841,0.004010280043792669,0.003851322123102907,-0.0033784237761993463,-0.005443665189432734
2025-09-24,0.0007606167004294839,0.0007596669024199088,0.0003528546688318368,0.00041810452293655764,-5.6914319507828104e-05,-0.0031815654134362825
2025-09-25,-0.003254206346296251,-0.0023378009414011247,-0.0022091850206037433,-0.002172693755898236,-0.0015830050555919462,-0.004613445576485353
2025-09-26,0.00276121179522848,0.002484858935243306,0.003851759436398927,0.0034954360048895516,-0.0016907136039094883,0.005729103922152756
2025-09-29,0.0011842758756517302,0.000644652360614506,0.00027825026694960897,0.0003758058965497302,0.0059139898872124785,0.002810434167957343
2025-09-30,0.0026301347212485116,0.0022196999555013086,0.003952443885820944,0.004101923439827404,0.005586607039414604,0.0037667997537378373
2025-10-01,0.0029630646928928694,0.0013500473411542924,0.0012496475874124169,0.0014406942916602716,-0.004417710530345786,0.0034075139406553046
2025-10-02,-0.00019126609638497882,-0.0016464462052618867,-0.004119073713264698,-0.004054637586557774,-0.0012357691773098312,0.0011517315662092908
2025-10-03,0.0051391166521161935,0.00555532401670078,0.008122618660267644,0.007996387411113304,0.0022978381969878114,-1.4749984535544769e-05
2025-10-06,0.0016467757876339473,0.0008215183844089147,0.0012255877333486875,0.0009258370174165531,-0.002232013563920887,0.003586327262626643
2025-10-07,7.090450496782807e-05,0.0008030944401915541,0.0027149629469813696,0.002858645586925057,0.0003317298998772866,-0.0037075342369694564
2025-10-08,0.002495783868478263,0.0005000585565182458,-0.0019796977262601656,-0.002036249545462554,3.446980512222808e-05,0.00596301811244726
2025-10-09,0.0007239996498697998,0.0003499491435212665,-0.000307186040497176,-0.00011278574732320745,0.010261658007555852,-0.0028969277726981213
2025-10-10,-0.02043920356168394,-0.016939980559988355,-0.011281504758009153,-0.011184629440426863,-0.017070785250225873,-0.02702787419032382
2025-10-13,0.010408923531568082,0.008755095117909617,0.0039038009158818276,0.004229334761243653,0.011475212891364217,0.015344052456164103
2025-10-14,0.00252450180717001,0.004457774135083747,0.004145497662473074,0.003999292736857951,-0.0038450126293689824,-0.0012216093750586632
2025-10-15,0.0066011985711802446,0.005297867037798554,-0.000955467464434534,-0.0005146887024746194,0.009507917747755279,0.0044394680203949655
2025-10-16,-0.005995814809499955,-0.005420027619044143,-0.0004901325345977314,-0.0006976108517177115,-0.009102576903938675,-0.006810165591018658
2025-10-17,0.0037982073420819162,0.005049120054124279,0.008478240985599239,0.008216984775144986,0.007841760802092868,0.005676293100470131
2025-10-20,0.009452775672481817,0.008314625716905777,0.0044485747843063805,0.004571129566527388,0.006233479435221456,0.010400419492408997
2025-10-21,-0.0005287734992802662,0.0008204334637604838,0.0035254682202459087,0.0032393811102320313,-0.001216015276053417,-1.4888083869624147e-05
2025-10-22,-0.0026719611801345744,-0.0018593821477831396,0.003564239059858032,0.0030854879335084906,-0.001998323339293062,-0.005198959693308414
2025-10-23,0.0032556989747414278,0.002073657039176613,-0.0006662745735117603,-0.0007277508712052461,0.0009092515147437474,0.005929999418102128
2025-10-24,0.005846918006652491,0.004300748993022019,0.0011414243473424346,0.0013700616136818056,0.006366636118649183,0.008172552648005427
2025-10-27,0.009755294367936651,0.007951115343995285,0.005909376593980165,0.005957158159300979,0.010825642406776304,0.011797628449944586
2025-10-28,-0.00045775255238444945,-0.001831140056030689,-0.0009877957006241278,-0.0013569872397483085,0.0036657982189023386,0.002656039267649346
2025-10-29,0.002467214238966786,0.00023840693012777692,-0.006778546094947546,-0.006974537036644524,-0.000665770639861063,0.00048039619855066995
2025-10-30,-0.0055113664564107046,-0.002770795135384918,-0.0017862467345900468,-0.0008088337337716078,-0.003131002216851253,-0.010998034373036591
2025-10-31,0.004296413275577615,0.003725170449842441,-0.002786330185794217,-0.002153951502662066,-0.0019469022381261025,0.0032801089641982806
2025-11-03,-0.00042448197568545343,-0.002382313519195711,-0.006638168626941554,-0.006550125681975771,-7.887189516808668e-05,0.0018766966522694162
2025-11-04,-0.005509941263017515,-0.0031147266467937973,-7.707318125527163e-05,-0.0003827615277814944,-0.009051692406897627,-0.011853550233278387
2025-11-05,-0.0001301357776178902,-0.0013488153793927982,-0.005450208684731339,-0.0048320711236528036,0.003093300624341655,0.0034654021674955793
2025-11-06,-0.005153992660091644,-0.003267828478621948,-0.0019329183317763343,-0.0017429293339006335,-0.0031929581810845598,-0.010729329446217739
2025-11-07,0.0029445127058704834,0.004158004822858441,0.006803076479166226,0.006545778839293748,0.0016363332737789893,0.0009845249097450992
2025-11-10,0.012180570510061495,0.009262515108321878,0.0069437574804305235,0.007067775730225545,0.016595286174657442,0.015604317683110436
2025-11-11,0.008002021588490393,0.009651720643399475,0.014205462926271784,0.01397618506371523,0.0024821537896777546,0.002289248535202182
2025-11-12,0.0006180236740256362,-0.00018921161253748764,-0.00041442963016524725,-0.00011719132332788096,0.0024114328509894367,0.0005564170779399635
2025-11-13,-0.014461744221842876,-0.012177411251056758,-0.00561622414154217,-0.00638359216980855,-0.017902697935039846,-0.016593945359202222
2025-11-14,-0.002377980274007374,-0.0018786953163294484,0.001651814257572548,0.0010311601295975859,-0.0008382193632896495,-0.0001637721804214065
2025-11-17,-0.005286093501220224,-0.005168689412624605,-0.002698673104956417,-0.002379099434129839,0.0007226300443943234,-0.009316435715973514
2025-11-18,-0.00883607028535005,-0.007525300493660292,-0.004277344285014029,-0.004157422029609448,-0.006823463986709299,-0.008397553717622852
2025-11-19,0.0016166590686836901,0.0006622384608609977,-0.0013196412123606116,-0.0006516698033440793,0.011218414256751075,0.0038632365286805914
2025-11-20,-0.007901108373247312,-0.006439646007881272,-0.0020023222387125506,-0.002075589426361324,-0.008641203858206103,-0.015242276237767638
2025-11-21,0.010761695840776797,0.010945635586846691,0.010427682744442723,0.010835488980734276,0.008302151985271511,0.0099611976652203
2025-11-24,0.005823411214397778,0.00289367190458667,-0.0015796074435361351,-0.001175252797541937,0.011898727012166876,0.014718553120782962
2025-11-25,0.011380417475199911,0.010569284838112258,0.006609230669165189,0.006990178041970774,0.0051332363560741,0.009405944613656958
2025-11-26,0.0052268093686083095,0.005481449992881693,0.005160703481771778,0.0050571129776759705,0.00743504253722338,0.006903451122070248
2025-11-28,0.004417845147799193,0.004994151111986422,0.0033846688131722313,0.0031842143179523497,0.002152902829077652,0.005458464349963776
2025-12-01,-0.003952034274553262,-0.004063445384080433,-0.006394046346905435,-0.006452893413919858,-0.00913957741125615,-0.0045655228770414835
2025-12-02,-0.0008217750457171213,-0.0022001831733274857,-0.004413417023408028,-0.004332842829528394,0.001407028462521387,0.0018522513925482986
2025-12-03,0.004532515800009129,0.004570846508817228,0.0037968690622940393,0.004059107292101016,0.004076359194867374,0.003462839022604136
2025-12-04,-0.0035768435389355036,-0.004832671820585888,-0.007317977283910371,-0.007339093740469149,-0.0028217511229585712,0.0007311511614964683
2025-12-05,-0.0010545100541816677,-0.0017586139733517525,-0.0031297278309980747,-0.0033606258360137087,-0.0006320630668483762,0.0018993336914692183
2025-12-08,-0.006424217830658496,-0.006745497151523838,-0.006623985759181328,-0.0071349160706375425,-0.006196095301543525,-0.0030041115903430837
2025-12-09,-0.004433841414208994,-0.003995561936217973,0.002024858920359307,0.0009377671061052695,-0.008675049228514586,-0.000863095492695809
2025-12-10,0.009774221456771981,0.009865467734519129,0.00489813641056247,0.006027722761884569,0.015371637725704712,0.006632084722947296
2025-12-11,0.005601751347512396,0.0056904193676241555,0.004137463537721819,0.004038496948312709,0.0017847300812035005,0.0023270716989645113
2025-12-12,-0.002078133105905988,3.803539921642951e-05,0.004123483941957495,0.004049632813647008,-0.004725419533626485,-0.010752008599487661
2025-12-15,-0.0008817484016753196,-0.0008438325441443295,0.0015258651205924956,0.0015857306398798787,0.001891982357468347,-0.001510940359395252
2025-12-16,-0.005733039790268957,-0.006917347263114326,-0.01033022413659368,-0.010267124153409135,-0.007344618203975584,-0.002732272874358843
2025-12-17,-0.005501702492747396,-0.002107976635046249,0.005009017575728247,0.004185016355473525,-0.01433645834173769,-0.011003564285219092
2025-12-18,0.002901144756756402,0.0006038622180100095,-0.0027103367219289964,-0.0029188751227195997,0.0032424967021542628,0.007551176823666017
2025-12-19,0.0024083641235856934,0.0004896228593367358,-0.0019188377449399496,-0.0018347581812048208,0.007093054970281676,0.00906357828969373
2025-12-22,0.004781573787929538,0.004230049167081029,0.0014963282568094538,0.0018075043951244485,0.007877114071337399,0.00622981866146155
2025-12-23,0.00472392230675478,0.003537913753030919,0.0023094973168145128,0.0021305270943934307,0.004471799091180895,0.004570524307191848
2025-12-24,0.005248769335049364,0.005704570054253955,0.0052760318447249155,0.005496766935034314,0.00538788884748409,0.0035176469333735305
2025-12-26,2.567859724145194e-05,-0.00036342006190459575,0.0003633021552942317,0.00031491581428988447,-0.00022355259813078288,-0.0001013941867173962
2025-12-29,-0.0026378056509650527,-0.0019181293802060795,0.0006770339807968817,0.00031042916531132114,-0.003958605854689101,-0.0035636809823862414
2025-12-30,0.0011461392050584607,0.0006940538669280016,-0.0001836198436000469,-7.761138744388774e-05,-0.0011648851516009584,-0.0012212056243503522
2025-12-31,-0.004964752187057164,-0.004617451500488423,-0.004200044171501549,-0.003964893124561275,-0.003484900977516081,-0.007408895688272632
2026-01-02,0.003292438640490891,0.00225222828073246,-0.0018319645639238713,-0.0012377948894017887,0.006886075353260024,0.0018330346377271045
2026-01-05,0.007986066808478354,0.007283921404449334,-0.0009462812253625552,0.0002071571987674048,-0.0012607922543989014,0.0066601784628042004
2026-01-06,0.0015600955334502675,0.00034130529906639673,-0.0017813034365165015,-0.0018058931890554408,0.0012748844479684163,0.00594716822329544
2026-01-07,-0.007361101040111673,-0.007698180797828025,-0.0025047658330992206,-0.0027822441791277575,0.00031861088278373195,-0.0032234143676512783
2026-01-08,0.011036563435061097,0.0134606189260158,0.013978833665247326,0.014092169829621692,0.0033462521694633818,-0.00010151182171813655
2026-01-09,0.00628614172010411,0.007327083870747986,0.0058932240618483345,0.0060904257073088885,0.002364875088886942,0.006613390448693579
2026-01-12,0.0016209646227014485,0.0026306001058933326,0.005595464136501915,0.005952277911914106,0.007286750214018811,0.0015703445488077783
2026-01-13,-0.0002644991011514497,0.001211268996262227,0.005968614069083555,0.005795482153588161,0.0019093806013836812,-0.001999428379899082
2026-01-14,-0.0015936514927075152,0.0005342412453472889,0.007066375672836855,0.006964532990747729,0.000910674233473241,-0.004915311553976953
2026-01-15,-0.00047910109550675095,-0.0014335968175500646,-0.004668020020172969,-0.004266725116176651,-0.0011461772743155407,0.002723288447084249
2026-01-16,-0.00025258219704271667,0.00044467743392884174,0.00032528325774694444,0.00023062996085720933,0.000886723453833671,-0.0008377644447679078
2026-01-20,-0.01041595602620593,-0.007607982483509135,0.0021695538168649,0.0016644813090904709,-0.013761107344359536,-0.020356834003892987
2026-01-21,0.01208084328622383,0.010008200643527143,0.005583573338923342,0.005928386434625343,0.012621549128667198,0.011541080591117137
2026-01-22,0.008197935685304802,0.006861702222212385,0.007364313089853969,0.006967217455043695,0.005396242277413643,0.0052232148029260905
2026-01-23,0.001179815324274136,0.0021750826468347473,0.010443598344389793,0.009399214215103813,-0.002702634944853899,0.00036274314549467057
2026-01-26,0.004584133425359793,0.004206784395154095,0.00102798255669323,0.0011689757286246216,0.004944034854138746,0.005078168996658139
2026-01-27,-0.005515703135193228,-0.001687061678469437,-0.001835642427927553,-0.0021965887943196094,0.006542815609263952,0.0039842915731571615
2026-01-28,0.0004282050701054363,-0.0003610242100838823,0.0024867436038482627,0.002391664656883119,0.004243400905909134,-0.00010064921423502682
2026-01-29,0.007440665150330039,0.005264993389590522,-0.007709412987983888,-0.006608619937937599,0.007963134189729715,-0.0019844397289077165
2026-01-30,0.0003996584343317622,0.00239095777148024,0.003576958252560436,0.004007014343757831,0.0013306975915059471,-0.0029825340246109056
2026-02-02,0.001502395192061634,0.0028473224314531365,0.0012226988541683692,0.001715264452721188,0.006453714835348734,0.004971300172958104
2026-02-03,0.002277066447876841,0.005834790926578348,0.007787669553986465,0.007794008355678006,0.00818208730947334,-0.008455418456441044
2026-02-04,0.006432952289117555,0.008099463811527263,0.008208930281250915,0.007871912656017832,0.0013572069152003596,-0.0048439280819936315
2026-02-05,-0.013774799285706463,-0.010229772928357028,-0.005971878319323887,-0.0054909592726539724,-0.006052861005373722,-0.01248919245863167
2026-02-06,0.0161350491462684,0.014363514049757775,0.012596630496548133,0.012641416921829629,0.021100667834215603,0.019184768306436784
2026-02-09,0.0014398537940423228,1.9504105965628682e-05,0.0015654317773599047,0.0008709857397195542,0.0033111838746548994,0.00482176499294007
2026-02-10,-0.003621678231637726,-0.003131586186182367,-0.0032813847939572316,-0.0033419406595220913,-0.006256884320554934,-0.0026371352903893364
2026-02-11,0.002597865165128388,0.00359693025438923,0.006905934868616237,0.006852412898276983,0.009046817350016667,-0.00023107395405530529
2026-02-12,-0.010275418288549276,-0.008672156885288107,-0.00012507585309207148,0.0001651199327579178,-0.003930315727677436,-0.015448908451592747
2026-02-13,0.0018786057215476326,0.0016663325409975727,-0.0020370751898263206,-0.0011648858988926314,0.000123369033485643,0.0007046233270817659
2026-02-17,-0.0020178886539098384,-0.0021140051105692503,-0.0044651727859100765,-0.0041335390659617,-0.0021736343063630814,0.0016134293041034642
2026-02-18,0.002476927881969182,0.0021042631850995974,0.002876425116420167,0.0021522122431982815,0.0005189751855931846,0.005037695789973817
2026-02-19,-0.0007013245774838417,-0.0008044441822100401,0.0015720597344790477,0.0015335607213606828,0.00160811501512792,-0.0026374400145590116
2026-02-20,0.004074934238188055,0.003274091853347816,-0.0009108357613146767,-7.506889782615822e-05,0.00394945256152246,0.007231924569483628
2026-02-23,-0.0026739736100569456,-0.001103868989555945,0.005785664298358695,0.005433642188160004,0.005463175558348077,-0.01021138412628475
2026-02-24,0.004121935222783035,0.004674553534767423,0.0012621527299372381,0.0017610795939673185,0.004903273432427913,0.0072684961791060765
2026-02-25,0.003786538601547651,0.0018466983563527606,0.002197903630243303,0.0016262774527142643,0.0007435428738242766,0.00843822988598486
2026-02-26,-0.006363286739915708,-0.004788749197942033,-0.0034767304591115655,-0.0037705646917020053,-0.015452983304314438,-0.0055543950009094845
2026-02-27,0.0029679343002930736,0.005279350632076518,0.012552097936836759,0.012270001028924726,0.0068011166630315145,-0.004801996508332795
2026-03-02,-0.0033564037524141943,-0.004689258045420752,-0.004252216391606223,-0.004513948401345336,-0.0024537759625031796,0.0005686794290771235
2026-03-03,-0.007218085725587575,-0.007069390670814246,-0.008047109737545854,-0.007967847447901466,-0.012130121897561241,-0.008814360718043757
2026-03-04,0.0019898327527307913,-0.0002123441311380203,-0.0051319352878249624,-0.004991297718044518,-0.0013396178443777496,0.0070554260617909925
2026-03-05,-0.00984181013925356,-0.010590399929625516,-0.01015707486791495,-0.010435570693589136,-0.01568422396372826,-0.005575689516668425
2026-03-06,-0.00873424319172511,-0.006774929272218344,-0.0013557800511979634,-0.0016360097392384976,-0.008202569192287457,-0.013107084633772748
2026-03-09,0.006931607924475447,0.005952207233314022,0.00649558291361263,0.0067084480719423745,0.01573945312502789,0.008759940631329677
2026-03-10,0.00016416962295129345,-0.00019186206811128148,-0.002278759594498858,-0.0020171501316619267,0.001997697909345897,-0.0016071064195867235
2026-03-11,2.475650524846884e-05,-0.0005573457228412737,-0.00034082146387248713,-0.00029517980170301605,0.00021017763205377626,-0.0012551629680762622
2026-03-12,-0.010735939901579505,-0.008890261981373215,-0.006134621515748062,-0.005945792794742499,-0.004934177238759552,-0.015184930828968546
2026-03-13,-0.0031829571296354553,-0.0021981838519988806,0.0010682316376378065,0.0007279174846805958,0.00028407562651588947,-0.005660061446524867
2026-03-16,0.008041544823987223,0.00726692684786534,0.0077784483320675335,0.007465343313255213,0.006878586343360915,0.010176780368265304
2026-03-17,-0.0011756677582399622,-0.0011410450736022426,-0.0026988942987826725,-0.002975583682688576,-0.0009626511158002948,0.0026306413825984976
2026-03-18,-0.01317192828946745,-0.013682195371738426,-0.015558542488016802,-0.015124407200697187,-0.01139278066512861,-0.013953630828321129
2026-03-19,-0.002778225548199731,-0.0023166290197411676,-0.003846946394839179,-0.0034131671843576905,-0.00034157342618112985,-0.0024644555762943776
2026-03-20,-0.011015486031417665,-0.009652661301608911,-0.009182542521389503,-0.009492505611633839,-0.01444952335962879,-0.014335681872119421
2026-03-23,0.007851287427274256,0.00748342128720747,0.0028512850793962485,0.003256693619061002,0.009228707272260994,0.010499959706238515
2026-03-24,-0.0010328419726608473,-0.000513021587557172,-0.002861617975738362,-0.002839704035296764,0.0015306353336816958,-0.003356819744899764
2026-03-25,0.004258328772860587,0.004010324512997654,0.002870435412618777,0.003279591403954507,0.0050181462036609226,0.005572720874680748
2026-03-26,-0.01345786963588358,-0.010534362789862861,-0.0068717096191563964,-0.007099376240121136,-0.01235416857286431,-0.01785871391056526
2026-03-27,-0.012048573204285429,-0.008435655982742873,0.0003189521607247503,-0.0003489921309122179,-0.0016845806807055386,-0.017051920413899135
2026-03-30,0.0034274529043671897,0.004316212854467372,0.006811098909127233,0.006576774912158578,-0.002914743052677471,-0.003343373095006985
2026-03-31,0.023424905960353737,0.01852245346584147,0.010579424448001307,0.01064937486397155,0.022924862416107583,0.029067828329906398
2026-04-01,0.003378680886196639,0.0008191001985105029,-0.005168067822155287,-0.004691956676536102,0.0007813767962303597,0.007534524709893686
2026-04-02,-0.00105531943243653,-0.0006586896613591797,0.002325941355912464,0.0025247573439157733,0.00043521878575836226,0.0009004486502428577
2026-04-06,0.004664912923821651,0.0044089928950448165,0.0034089278463231842,0.0031010566360165637,0.004978693574913873,0.004726890757694946
2026-04-07,0.0039026057537618897,0.0006680590623631133,-5.4544621416963146e-05,0.00016657865950930884,0.000494968488120362,0.0004399759989488494
2026-04-08,0.02095280580129355,0.019244684781974497,0.007888323842146772,0.00847633575395057,0.015379015875406132,0.02546960461738479
2026-04-09,0.008908365969943821,0.007953120671059466,0.0032421890377769547,0.0031917670125856112,0.0049199064330689435,0.0057690058263411
2026-04-10,-0.004363227057310848,-0.006204013020237098,-0.01006131097515528,-0.010072736269374771,-0.007729710399232204,-0.0006617045144712286
2026-04-13,0.004936686208463437,0.0035321001433901156,0.003328465568306127,0.0031080585818168416,-0.0035052853159557307,0.009772427509933346
2026-04-14,0.007446721701600989,0.005003343131381843,0.0044518231663763785,0.003946762544729587,0.004116468361338388,0.012184824511357384
2026-04-15,0.0018747622704191613,0.0013597800407683103,0.005735043090845382,0.004936648569229707,-0.0022713366898315934,0.00789104262586382
2026-04-16,0.0025652834172853467,0.0022094879127481093,0.0029748145232129097,0.002767812153165572,0.0006376662994633797,0.0024573146962303394
2026-04-17,0.011803476235428434,0.010474296490152524,0.005607032397149547,0.005971767613638601,0.00491504903090223,0.012085709683769874
2026-04-20,-0.0030257189713797095,-0.0031472680797960395,-0.007087905575461129,-0.006852003073703261,-0.002612811388487457,-0.0019997769576579616
2026-04-21,-0.0032154227101616195,-0.004801978593945266,-0.0016628529013931193,-0.0017175880775399666,-0.007701222538944563,-0.006546877597652601
2026-04-22,0.008202875600389792,0.006437001614956417,0.0072568809182242955,0.006711526898870224,0.005669451840241813,0.010126679111031711
2026-04-23,0.0031588488531861802,0.005099426341607094,0.004206520807014336,0.004974155140092806,0.018153744668499838,-0.003880717280619339
2026-04-24,0.0023234657665405223,0.0011752544522032338,0.005282230461893356,0.004518301975863892,0.0006699557028422287,0.007749329558108808
2026-04-27,-0.00047861225437306754,-0.0021635473071230926,-0.0025674398339932125,-0.0026802245199978314,-0.00048503863885962506,0.0017227696708577156
2026-04-28,0.004580621388167838,0.006061179213485257,0.013106047528332443,0.012936176236548969,0.007510335099405241,-0.004865981157226029
2026-04-29,-0.002838440727008451,-0.0022981227767456813,-0.0008042894112335608,-0.0009860950064494167,-0.00047323797635590026,-0.00015454822119487233
2026-04-30,0.012981139932032315,0.012956148605353324,0.004594443705884688,0.0056031654705606115,0.03333806892612867,0.009949685184046597
2026-05-01,3.188705978018902e-05,-0.0008976551987148751,-0.0018181686220529736,-0.0022442508323161636,-0.0046054647605418,0.002769057370506145
2026-05-04,-0.006994017849551781,-0.008197361956237215,-0.007331146170848957,-0.007324881081447909,-0.007245415610090844,-0.0036633809504083015
2026-05-05,0.006240864053872031,0.006680012924677348,0.0041311286959637705,0.004163223231025137,0.008803629040010863,0.008022242912505195
2026-05-06,0.009579093092332958,0.007305874881852414,0.0009006600280665467,0.0008134949729989849,0.008279175774427161,0.013899418730513924
2026-05-07,-0.0058441675501087476,-0.006550784342506666,-0.004084754903744159,-0.004266050543828004,-0.008293563169885165,-0.003066088937730971
2026-05-08,-0.002953113076202829,-0.003914332467956694,-0.0039364633662627435,-0.003746150142866389,0.0003545311115578098,0.008256054755458209
2026-05-11,-0.0007507218683965311,-0.0017611783798129332,-0.0003809104905474481,-0.0005617595436275824,0.005754999451015985,0.002277563520907133
2026-05-12,0.0065349147070206115,0.006751462699080113,0.007088130835719575,0.007582331841463619,0.005460812206342869,-0.0015148976836777406
2026-05-13,0.005549265079686672,0.004018040948843948,0.005905551033546841,0.006024885421837212,0.012775173614351765,0.005594852718154408
2026-05-14,0.004692114779166534,0.0041254973866859945,0.004838395678845142,0.004763186056897295,0.009832743903439134,0.00789424948485129
2026-05-15,-0.006025973569270038,-0.003948488097765934,0.004343928757674531,0.0031617129643983777,-0.01183417986094848,-0.012029288058681087
2026-05-18,0.0008092970287416623,0.0030852631551983034,0.0067289408820268015,0.006803779625811135,-0.0028563453100821645,-0.0007035134432047396
2026-05-19,-0.0006157706617040404,0.0003624113346274438,0.0005641048348410393,0.0011026778343727894,0.00018232497878578613,-0.006660801173438147
2026-05-20,0.0010448119351509355,8.988421346911579e-05,-0.005465498089361587,-0.0054291813797908706,-0.0036677716913866565,0.010248944869264864
2026-05-21,0.0012032818778251464,0.0011231344123474596,-0.0006136817434346797,-0.0006326386084564151,-0.003787727536740171,0.0019831294559742307
2026-05-22,0.0015118937980420633,0.0014457554168612052,0.0012765459618764297,0.0010688692734774907,-0.0026664753410128306,0.003931565761838618
2026-05-26,-0.0063737953630294,-0.007748645395922349,-0.013072229127973789,-0.013127609449522959,-0.003598984966110663,0.006638589859753186
2026-05-27,0.005223184632646927,0.005095646384185137,0.004476182492674008,0.0043183181553363426,-5.356079534113434e-06,-0.0001731819955180791
2026-05-28,0.0013407877743638608,-9.915039496111167e-05,0.0002921052527062873,-2.810636089423113e-06,-0.006470578607783883,0.0055165444838964905
2026-05-29,-0.00812939268610735,-0.008665577062861085,-0.005574803174355991,-0.006644826588552033,-0.01791353908607618,0.002491413132639231
2026-06-01,-0.006137738252569136,-0.0067200745184999855,0.00017613677997307953,-0.00036428327292137297,0.002111134670680581,0.0027231448580300466
2026-06-02,0.0005072319296466343,0.0009914800384795974,-0.006992079303825061,-0.006213888361616848,0.0018854345405074913,0.0013579151744387286
2026-06-03,-0.0017632159822641436,-0.0010871116702040329,-0.002898557215986197,-0.002737498081500922,0.0020923738121192414,-0.007017162719845316
2026-06-04,0.013565028441451688,0.010826638104979525,0.006815151243505291,0.0070511638483510275,0.011818572231462765,0.0037786342840786524
2026-06-05,-0.006477644570949459,-0.0016260673737237274,0.006908968560757511,0.006969015778249377,-0.007619715922919323,-0.025809369613142064
2026-06-08,-0.0009991668121083208,-0.0018732054487882177,-0.001969362832244692,-0.0018595161549156414,0.0029675056456799354,0.0022642224414664014
2026-06-09,0.002730610156043589,0.004292872082447996,0.006501468516871167,0.006727169928408827,0.002992338976453235,-0.0029355200496018474
2026-06-10,-0.007006800104748412,-0.003162285830214495,0.0036945240089059084,0.003870896588799022,-0.009062759171443946,-0.015765511016908262
2026-06-11,0.004120544251736025,0.0020133967409659004,-0.007992657766810018,-0.007485326648636548,0.00432900600386521,0.016996857395144005
2026-06-12,0.00373715471391578,0.004652974371095908,0.0060610026820397955,0.006236920521228706,0.005706212051541426,0.0054082073178089995
2026-06-15,0.0051756611358526605,0.0016059072655598694,-0.0051352463998143305,-0.005182462828577927,-0.000506978446881523,0.017634009390542937
2026-06-16,0.004253448178605179,0.005008026310255653,0.0008034993793719636,0.0009414172891535344,0.0020764746216395125,-0.005961575486028936
2026-06-17,-0.014251433522340928,-0.013377071878580615,-0.014105818119202862,-0.013982844576796327,-0.00738891072580683,-0.012487894929290921
2026-06-18,0.0026397771223352073,-1.9051005293202472e-05,-0.007208460717267329,-0.007289601526634604,8.366113995306179e-05,0.010396979807173468
2026-06-22,-0.004322210883772382,-0.0038596975958413715,-0.006033262035490039,-0.005477992857611191,0.001325509472569042,-0.0031469282667367926
2026-06-23,0.002015522419444471,0.004929801924834498,0.013064523165035702,0.012658144671728211,-0.003267959119636399,-0.014522012224805536
2026-06-24,-0.00011237657097662446,0.0006978531871182359,-0.0018662806412191868,-0.0014616455472001855,0.0006340681150693861,-0.00046350036740483436
2026-06-25,-0.0038748000588620934,-0.00432389497166874,-0.005083520529652774,-0.004708483121969698,0.00942534167392517,0.0014456368288948696
2026-06-26,0.009380196515504924,0.01029963008097079,0.018128113308652605,0.017854427328996447,-0.001468913584198872,-0.007231332134194801
2026-06-29,0.006030080654930936,0.0048029835057135095,0.001550272918654283,0.0014623921958587527,0.015615005054034015,0.016474812758418222
2026-06-30,-0.0028220919865670213,-0.0045157905245512,-0.006797493688857292,-0.007248906319302861,0.0026306731416869678,0.007786815228336907
2026-07-01,0.005277117144652177,0.0044540187570858425,0.004234368568804436,0.00383104952941693,-0.00843489984036383,-0.0013525036472543661
2026-07-02,0.011546617530161729,0.015369156417918584,0.019786362930831025,0.020027022105022496,0.008815966170469647,-0.0013140507442307436
2026-07-06,-0.0016778030819311063,-0.0030317651544092827,-0.007682366708567034,-0.007537130796279601,-0.00014393222631658986,0.008727392224453512
2026-07-07,0.010254159673591223,0.010777572604418362,0.016378154614246077,0.015983601963224014,0.009660798821591321,-0.004751890340121245
2026-07-08,-0.008241695015998807,-0.009468746436918085,-0.011117814105311319,-0.010581963495341795,-0.008258998930050998,-0.00308940915236533
2026-07-09,-0.0010083007444370296,-0.0033093539219140045,-0.010421795109379128,-0.010325922640061491,-0.008478400601461322,0.008465256756966522
2026-07-10,0.006220606699447018,0.005484408469187629,0.003238767823504629,0.0034802889915654944,0.004842949435116539,0.0043101181802049915
2026-07-13,0.0017066236850067362,0.003822236650570243,0.010132227821750828,0.009533449173747766,-0.0005146430275959624,-0.007656140611155715
2026-07-14,0.0011048477787369837,-0.00046509010953665886,-0.006145859170248791,-0.005615185111534138,0.004521192635271287,0.003550637915597399
2026-07-15,0.00783853276937685,0.006537433951308458,0.0013655895867494827,0.0009818496039726288,-0.001988224874949762,0.003963630921495875
2026-07-16,0.0026515200247463344,0.006164323684835882,0.01181436676876979,0.01174793591546397,-0.006476658095156074,-0.005418616824901523
2026-07-17,-0.007976392323121306,-0.008162743390174088,-0.00877047251547769,-0.00857480026323032,-0.008083929967587888,-0.009897199757544994
2026-07-20,-0.0041393400947847825,-0.0039058522619969116,0.0010650038911299564,0.0007068301436257141,-0.0028609725970804023,-0.0016143534964457862
2026-07-21,0.005748712334919137,0.00433868678432936,0.002511795608138856,0.002481792265475846,0.009472184324978539,0.008341327042987512
2026-07-22,0.00040825230335417295,0.0016889891128173407,0.0037099480015174713,0.003909697388950084,0.006494812933996563,-0.0011627667373850237
2026-07-23,-0.011501139525734838,-0.009926146264430558,-0.007705984984655911,-0.007520601084542333,-0.006343620735975164,-0.01234925378391838
2026-07-24,0.006280954652580606,0.00791506422036714,0.007091545545059086,0.007286751111279299,0.005938739635572787,0.001015965756179904
2026-07-27,0.0007649696569433928,0.0030735432494135573,0.00672275802149036,0.006310288713801793,0.0023907015985962232,0.00021661654268867458
2026-07-28,0.008137048388102475,0.009142478306185087,0.011065486986059136,0.011266324588624421,0.006889845323876154,0.002394766697762618
2026-07-29,-0.009940035319908835,-0.00779227110500591,-0.00221852404496814,-0.002347513722619654,-0.010636971635230252,-0.01538744500368594
2026-07-30,0.00035545895000477223,-0.00033464008998873584,0.0139018125453918,0.011698810115610359,-0.002611306474697428,0.016765743693247348
2026-07-31,0.01021109809929377,0.007663774817311619,0.0066213956990377465,0.006703376830479613,0.008313455199328246,0.007199869194164377
2026-08-03,0.011567905087652042,0.009068785656078049,0.0080489422013037,0.007498817445911188,0.00784669345028366,0.014242990614691253
2026-08-04,0.005856056174476043,0.005558794351454122,0.005328057584357504,0.005045697847302133,0.012023575619655835,0.01802895214668343
2026-08-05,0.0017462225846931467,0.0004650919665496467,-0.0049223884512867855,-0.0045929716605059845,-0.004245760261632814,-0.001996562476573316
2026-08-06,0.0015583495482565102,0.0019219515104986762,0.003306644750495913,0.0028231003234433505,-0.0025162187089519117,-0.001597806469806562
2026-08-07,0.0008988458927980947,0.0005330944228589818,-0.0014021803259997023,-0.0011071577440310287,-0.0027875927069299644,0.0061153280782619834
2026-08-10,0.005904219031455105,0.006491656024091963,0.010028491758884428,0.009643388585600432,0.008650883924358421,-0.0002974431280959866
2026-08-11,-0.0037497227623134455,-0.0033205579709580935,-0.005813202809800355,-0.005407989265250546,-0.006000615363987882,-0.003195199982031216
2026-08-12,-0.0018656903990871276,-0.0022379353553526604,-0.0010852181218685697,-0.00097881945113798,0.005776061202656946,0.0025046088955962276
2026-08-13,0.0024028080138356334,0.002668656394879898,0.0031526063441711383,0.0034164527155393642,0.0013704543197616825,0.006977515073619545
2026-08-14,0.00016919239273049946,0.0006217617530070996,0.0011997025387597837,0.0010972934009958468,0.00028635055414616417,-0.0019797506790967256
2026-08-17,-0.005121460004466449,-0.004736099428378715,-0.004108676719226656,-0.004037987101822793,0.005250843646211312,-0.004727362318918793
2026-08-18,0.0022198142593627956,0.005118209415816644,0.010205443034463357,0.009951143280958252,0.005685564178832703,-0.006755744960812438
2026-08-19,0.004736454403313273,0.0051254473743316264,0.002521097569279096,0.0026695683591295705,-0.0021134385214139906,0.0020977847380663217
2026-08-20,-0.010751774876263442,-0.010953853826865423,-0.008105481591110908,-0.00854628602464158,-0.007463655262447189,-0.008399827927333736
2026-08-21,0.003145071841830882,0.0034322170035225863,0.005932860863962164,0.0059189853294843164,0.005144948862008114,0.004091229992722045
2026-08-24,0.005746987036262308,0.006966750629137319,0.0071465191585857735,0.007282708224098489,0.0008773118511897771,-0.0029384361158881767
2026-08-25,-0.0008728759067835323,-0.0018154142889293956,-0.003051973697176358,-0.0029168447498891803,-0.0027374228218707275,0.003195939766898581
2026-08-26,-0.0047367887718069435,-0.005118366311029132,-0.005686709830319381,-0.005541934637471768,-0.008789661774645574,0.0002220076793100212
2026-08-27,-0.005078666040552293,-0.007675562181582274,-0.006732979795017635,-0.00682265477255295,-0.004794610332113036,0.0065528446292648646
2026-08-28,0.004988893433319097,0.006441220732142261,0.005934649001489323,0.005885603119485827,0.0007946520325543549,-0.002269486910878138
2026-08-31,-0.003425369087228125,-0.002881935951041026,-0.0013525077510158079,-0.0014513782852882962,-0.0026621767216685743,-0.0029895480336900038
2026-09-01,0.00024639254213254524,0.0009987011831396053,0.0031991925336223304,0.003096377728536881,-0.0005711256976116408,-0.006870413937922537
2026-09-02,0.006193338516424118,0.0052237356564273085,0.0048994812125400244,0.004915393778673893,0.007655755314798229,0.004436916430816007
2026-09-03,0.007895406092022217,0.006874376724850695,0.0064066049069797515,0.006591476780830607,0.008389335684332755,0.01046841794042419
2026-09-04,-0.006475170937756403,-0.007225024149280168,-0.008893164335449844,-0.008665464034631642,-0.006316604570020812,-0.0038542322602936885
2026-09-08,-0.005724284204820962,-0.0057866859568116435,-0.00446991449757983,-0.004702228715916967,-0.0025750669027331252,-0.005492178929977443
2026-09-09,-0.002153545256054601,-0.0028968868166147077,-0.006004633293484329,-0.0057493057571418316,-0.0031948734093710796,-0.004647717443245436
2026-09-10,-0.0014180046201831553,-0.000558560461006441,-0.000826492771228371,-0.0012225422814022835,-0.0019768924040062252,-0.005994275704356844
2026-09-11,0.005485949316188288,0.005868514372339373,0.004614921428744534,0.004512687225004974,0.007374174979155823,0.008524301461697359
2026-09-14,6.554381596934888e-05,0.00034746617821679315,0.0028716691449919285,0.0029438133273167466,-0.005030623195823036,-0.004461653484930439
2026-09-15,-0.002913462233534947,-0.002319249226191422,-0.0003673010766492846,-0.00045625204242882855,0.0033556754129140387,-0.0045867524088863965
2026-09-16,-0.00724069248102599,-0.00813385263142341,-0.009470337708847976,-0.009246198272486184,-0.011462912814410697,-0.004409880485814144
2026-09-17,0.007732405103229034,0.006613631311202184,0.007095487355630148,0.006942299584854705,0.008893132869999487,0.011338753706291449
2026-09-18,-0.002721891960485001,-0.0031563285223706883,-0.0012754659227920406,-0.0014297222506156615,0.001991303947874279,0.001286959052630321
2026-09-21,0.008408119520693758,0.004605580534145393,-0.002388149858855604,-0.001990749550833004,-0.0021764968485835645,0.015504992216193392
2026-09-22,-0.0032908998090418473,-0.0022054717580932692,0.0011885172883840944,0.00098905313911124,-0.004951145939916302,-0.00015513266580480245
2026-09-23,-0.006244643513337422,-0.005658330994510075,-0.0021753880320573016,-0.0024169939133631413,-0.004011255566532257,-0.007202161018945219
2026-09-24,0.003549906228108357,0.0018658802921009965,-0.0011187913361745405,-0.0010285999850619953,0.0022131984537607785,-0.0008205218543687609
2026-09-25,0.004663153656467411,0.0052241128702141815,0.006952503102219509,0.006749383586090119,0.005203030525389396,0.0054354687945585844
