,Equal weight,Inverse volatility,Min variance (sample),Min variance (shrinkage),Max Sharpe (shrinkage)
Communication Services,0.15000000000000002,0.1257193269954824,0.05305140400078199,0.055240375525748384,0.15000000000000052
Consumer Discretionary,0.1,0.09564086844496567,0.004143554133524496,0.010944095065137773,2.6844289770177267e-16
Consumer Staples,0.15000000000000002,0.20945484178737556,0.35000000000000003,0.34842534403345604,0.15000000000000005
Energy,0.1,0.10983785060040718,0.13534726260341895,0.13292957903192498,0.19635761024895027
Financials,0.1,0.10750574867524507,0.03726318393506919,0.04197751254715139,0.11626827961161629
Health Care,0.15000000000000002,0.13781360594571695,0.19296937159788277,0.19281356937689714,0.1570111635453976
Industrials,0.05,0.03805200005576144,0.03834837766509826,0.03589242202655454,0.15
Technology,0.15000000000000002,0.12284801646807003,0.14932939911989473,0.1398453265468147,0.08036294659403571
Utilities,0.05,0.05312774102697563,0.039547446944329386,0.041931775846315036,0.0
