ticker,Equal weight,Inverse volatility,Min variance (sample),Min variance (shrinkage),Max Sharpe (shrinkage)
AAPL,0.05,0.046645097471792234,0.0,1.1835330612937135e-18,0.0
MSFT,0.05,0.04661615147140948,0.11740991004699215,0.10693218306321574,0.04657104005195298
NVDA,0.05,0.02958676752486831,0.031919489072902596,0.032913143483598965,0.033791906542082736
AMZN,0.05,0.03927658193549798,1.3517459360083812e-18,1.9555846864491066e-18,2.6844289770177267e-16
GOOGL,0.05,0.042148027781170064,0.04780171121384342,0.046804995518333996,0.15
META,0.05,0.035590962952096634,0.005249692786938571,0.00843538000741439,4.318284507933236e-16
JPM,0.05,0.05358347786441958,5.925426159200604e-19,0.009458881943706771,0.05771903016922237
BAC,0.05,0.05392227081082548,0.03726318393506919,0.03251863060344462,0.05854924944239392
XOM,0.05,0.05412170358665961,0.10117986934077342,0.08410890665337221,0.0954261890144601
CVX,0.05,0.05571614701374757,0.034167393262645535,0.04882067237855278,0.10093142123449018
JNJ,0.05,0.07061100274558275,0.15,0.15,0.15
LLY,0.05,0.035334170280829205,0.0,2.3363393589162072e-18,0.007011163545397272
UNH,0.05,0.031868432919305,0.04296937159788278,0.04281356937689715,3.4398301182732506e-16
CAT,0.05,0.03805200005576144,0.03834837766509826,0.03589242202655454,0.15
COST,0.05,0.06441578455999167,0.06795248467276437,0.07608336259844245,4.0719972056435596e-17
PG,0.05,0.07034930840719006,0.13204751532723566,0.12234198143501362,2.0125420868792047e-17
KO,0.05,0.07468974882019384,0.15,0.15,0.15
NEE,0.05,0.05312774102697563,0.039547446944329386,0.041931775846315036,0.0
HD,0.05,0.05636428650946769,0.004143554133524494,0.010944095065137771,0.0
DIS,0.05,0.04798033626221571,0.0,0.0,1.0085546270321495e-16
