strategy,return_date,AAPL,MSFT,NVDA,AMZN,GOOGL,META,JPM,BAC,XOM,CVX,JNJ,LLY,UNH,CAT,COST,PG,KO,NEE,HD,DIS
Equal weight,2024-01-02,0.05,0.05,0.05,0.05,0.05,0.05,0.05,0.05,0.05,0.05,0.05,0.05,0.05,0.05,0.05,0.05,0.05,0.05,0.05,0.05
Equal weight,2024-02-01,0.05,0.05,0.05,0.05,0.05,0.05,0.05,0.05,0.05,0.05,0.05,0.05,0.05,0.05,0.05,0.05,0.05,0.05,0.05,0.05
Equal weight,2024-03-01,0.05,0.05,0.05,0.05,0.05,0.05,0.05,0.05,0.05,0.05,0.05,0.05,0.05,0.05,0.05,0.05,0.05,0.05,0.05,0.05
Equal weight,2024-04-01,0.05,0.05,0.05,0.05,0.05,0.05,0.05,0.05,0.05,0.05,0.05,0.05,0.05,0.05,0.05,0.05,0.05,0.05,0.05,0.05
Equal weight,2024-05-01,0.05,0.05,0.05,0.05,0.05,0.05,0.05,0.05,0.05,0.05,0.05,0.05,0.05,0.05,0.05,0.05,0.05,0.05,0.05,0.05
Equal weight,2024-06-03,0.05,0.05,0.05,0.05,0.05,0.05,0.05,0.05,0.05,0.05,0.05,0.05,0.05,0.05,0.05,0.05,0.05,0.05,0.05,0.05
Equal weight,2024-07-01,0.05,0.05,0.05,0.05,0.05,0.05,0.05,0.05,0.05,0.05,0.05,0.05,0.05,0.05,0.05,0.05,0.05,0.05,0.05,0.05
Equal weight,2024-08-01,0.05,0.05,0.05,0.05,0.05,0.05,0.05,0.05,0.05,0.05,0.05,0.05,0.05,0.05,0.05,0.05,0.05,0.05,0.05,0.05
Equal weight,2024-09-03,0.05,0.05,0.05,0.05,0.05,0.05,0.05,0.05,0.05,0.05,0.05,0.05,0.05,0.05,0.05,0.05,0.05,0.05,0.05,0.05
Equal weight,2024-10-01,0.05,0.05,0.05,0.05,0.05,0.05,0.05,0.05,0.05,0.05,0.05,0.05,0.05,0.05,0.05,0.05,0.05,0.05,0.05,0.05
Equal weight,2024-11-01,0.05,0.05,0.05,0.05,0.05,0.05,0.05,0.05,0.05,0.05,0.05,0.05,0.05,0.05,0.05,0.05,0.05,0.05,0.05,0.05
Equal weight,2024-12-02,0.05,0.05,0.05,0.05,0.05,0.05,0.05,0.05,0.05,0.05,0.05,0.05,0.05,0.05,0.05,0.05,0.05,0.05,0.05,0.05
Equal weight,2025-01-02,0.05,0.05,0.05,0.05,0.05,0.05,0.05,0.05,0.05,0.05,0.05,0.05,0.05,0.05,0.05,0.05,0.05,0.05,0.05,0.05
Equal weight,2025-02-03,0.05,0.05,0.05,0.05,0.05,0.05,0.05,0.05,0.05,0.05,0.05,0.05,0.05,0.05,0.05,0.05,0.05,0.05,0.05,0.05
Equal weight,2025-03-03,0.05,0.05,0.05,0.05,0.05,0.05,0.05,0.05,0.05,0.05,0.05,0.05,0.05,0.05,0.05,0.05,0.05,0.05,0.05,0.05
Equal weight,2025-04-01,0.05,0.05,0.05,0.05,0.05,0.05,0.05,0.05,0.05,0.05,0.05,0.05,0.05,0.05,0.05,0.05,0.05,0.05,0.05,0.05
Equal weight,2025-05-01,0.05,0.05,0.05,0.05,0.05,0.05,0.05,0.05,0.05,0.05,0.05,0.05,0.05,0.05,0.05,0.05,0.05,0.05,0.05,0.05
Equal weight,2025-06-02,0.05,0.05,0.05,0.05,0.05,0.05,0.05,0.05,0.05,0.05,0.05,0.05,0.05,0.05,0.05,0.05,0.05,0.05,0.05,0.05
Equal weight,2025-07-01,0.05,0.05,0.05,0.05,0.05,0.05,0.05,0.05,0.05,0.05,0.05,0.05,0.05,0.05,0.05,0.05,0.05,0.05,0.05,0.05
Equal weight,2025-08-01,0.05,0.05,0.05,0.05,0.05,0.05,0.05,0.05,0.05,0.05,0.05,0.05,0.05,0.05,0.05,0.05,0.05,0.05,0.05,0.05
Equal weight,2025-09-02,0.05,0.05,0.05,0.05,0.05,0.05,0.05,0.05,0.05,0.05,0.05,0.05,0.05,0.05,0.05,0.05,0.05,0.05,0.05,0.05
Equal weight,2025-10-01,0.05,0.05,0.05,0.05,0.05,0.05,0.05,0.05,0.05,0.05,0.05,0.05,0.05,0.05,0.05,0.05,0.05,0.05,0.05,0.05
Equal weight,2025-11-03,0.05,0.05,0.05,0.05,0.05,0.05,0.05,0.05,0.05,0.05,0.05,0.05,0.05,0.05,0.05,0.05,0.05,0.05,0.05,0.05
Equal weight,2025-12-01,0.05,0.05,0.05,0.05,0.05,0.05,0.05,0.05,0.05,0.05,0.05,0.05,0.05,0.05,0.05,0.05,0.05,0.05,0.05,0.05
Equal weight,2026-01-02,0.05,0.05,0.05,0.05,0.05,0.05,0.05,0.05,0.05,0.05,0.05,0.05,0.05,0.05,0.05,0.05,0.05,0.05,0.05,0.05
Equal weight,2026-02-02,0.05,0.05,0.05,0.05,0.05,0.05,0.05,0.05,0.05,0.05,0.05,0.05,0.05,0.05,0.05,0.05,0.05,0.05,0.05,0.05
Equal weight,2026-03-02,0.05,0.05,0.05,0.05,0.05,0.05,0.05,0.05,0.05,0.05,0.05,0.05,0.05,0.05,0.05,0.05,0.05,0.05,0.05,0.05
Equal weight,2026-04-01,0.05,0.05,0.05,0.05,0.05,0.05,0.05,0.05,0.05,0.05,0.05,0.05,0.05,0.05,0.05,0.05,0.05,0.05,0.05,0.05
Equal weight,2026-05-01,0.05,0.05,0.05,0.05,0.05,0.05,0.05,0.05,0.05,0.05,0.05,0.05,0.05,0.05,0.05,0.05,0.05,0.05,0.05,0.05
Equal weight,2026-06-01,0.05,0.05,0.05,0.05,0.05,0.05,0.05,0.05,0.05,0.05,0.05,0.05,0.05,0.05,0.05,0.05,0.05,0.05,0.05,0.05
Equal weight,2026-07-01,0.05,0.05,0.05,0.05,0.05,0.05,0.05,0.05,0.05,0.05,0.05,0.05,0.05,0.05,0.05,0.05,0.05,0.05,0.05,0.05
Equal weight,2026-08-03,0.05,0.05,0.05,0.05,0.05,0.05,0.05,0.05,0.05,0.05,0.05,0.05,0.05,0.05,0.05,0.05,0.05,0.05,0.05,0.05
Equal weight,2026-09-01,0.05,0.05,0.05,0.05,0.05,0.05,0.05,0.05,0.05,0.05,0.05,0.05,0.05,0.05,0.05,0.05,0.05,0.05,0.05,0.05
Inverse volatility,2024-01-02,0.047804633388624444,0.045304909282747684,0.024577724292382693,0.032683863012548,0.039916215422066595,0.02584585312385392,0.05407681142735773,0.04670119100317165,0.04550532571727921,0.048798006011575905,0.08188519119966907,0.04960015990749445,0.0609621409394728,0.044641014178382295,0.05344869068042355,0.0741210955833045,0.0824783023988718,0.04679585410530083,0.05174169110662399,0.04311132721884889
Inverse volatility,2024-02-01,0.04740035878606293,0.04562806145108733,0.0245735036341392,0.03271867139511287,0.039873926849158636,0.025773854606954274,0.05528389308616572,0.04681430782835891,0.04565957518563766,0.04851560158179031,0.08178107676699588,0.04940095692980916,0.06010374457167708,0.04447893201385871,0.053966684937394,0.0733426013294001,0.08179436378003328,0.047712417229033036,0.05210431001482751,0.04307315802250338
Inverse volatility,2024-03-01,0.048059749783603584,0.045944843149300425,0.02442985411083629,0.03346428679868726,0.039827572006756955,0.026411281475693372,0.055431116574739495,0.046589441366611556,0.04573274266112223,0.048225766843534155,0.08130724915475049,0.0484201622307647,0.05974196256268035,0.04435960828556683,0.05403654671348376,0.0734362579521861,0.08156077077881964,0.04778815508662841,0.053449844603625056,0.041782787860609315
Inverse volatility,2024-04-01,0.047487082802317115,0.04555903951316291,0.024331740072288312,0.033242368399716164,0.03924654766700588,0.026107597783921264,0.05663930217957373,0.04740485843758941,0.04658108119511202,0.04898169206136955,0.08238075499843525,0.047153984850307445,0.05964229298464139,0.044108352728044496,0.05173146556847843,0.075288319680052,0.08310009434477349,0.04685917729619026,0.05276788065939719,0.04138636677762366
Inverse volatility,2024-05-01,0.047528862974171825,0.04612915436785608,0.024244472722068155,0.03346829635687742,0.03852403223073793,0.025970049125506538,0.05625514333163397,0.04744057318378198,0.046925343265769165,0.049571335241806146,0.08292732123394772,0.04714359272352949,0.05752976242160498,0.043843535149301234,0.05241034896265651,0.0754802180991066,0.08260090658394781,0.046930169961329954,0.05320346675874412,0.041873415305622365
Inverse volatility,2024-06-03,0.048150699494166296,0.04602815470120106,0.024055705950185906,0.03463238319485376,0.03819656989942015,0.026421308430411693,0.05581613679588033,0.047223558013041705,0.04689364036459585,0.04944626666603229,0.07845206122134304,0.04521965402688394,0.05619170229116817,0.04275401712067446,0.05677300211524998,0.07714950170158293,0.08735620162118778,0.04552098993093522,0.05339602345847225,0.04032242300271315
Inverse volatility,2024-07-01,0.04757389089274302,0.04610259959558857,0.023663181109905874,0.034830037665817375,0.0381879518532785,0.02643702974551826,0.05564343420564755,0.046608367220004374,0.04799770451203083,0.050236308000299254,0.07773394317656017,0.04518616325026629,0.05605256833217868,0.04321739011419873,0.05783697271325634,0.07817527173701669,0.0869928295147419,0.04509336718733735,0.05247034852283395,0.03996064065077638
Inverse volatility,2024-08-01,0.047611136758159193,0.04682221396204463,0.023562614539824816,0.035672094033087715,0.03919369631534777,0.02670499888732156,0.05616410739665016,0.04719743973055831,0.04916159775229283,0.05083392082577277,0.07626237257299288,0.04402134646536455,0.054808318210943716,0.04336688051775726,0.05809092653715328,0.07643367670023744,0.08756582066416357,0.0439797620664338,0.05221325550092053,0.040333820562973216
Inverse volatility,2024-09-03,0.04758154516314401,0.046936991298231284,0.022945286234293573,0.03587809546334332,0.039172365676832285,0.026758983912054557,0.05609049161627145,0.04684191906325541,0.050143675521861414,0.052173203573339176,0.07545086297443482,0.041934340889341164,0.054186337587397146,0.04377082015765496,0.05752361360619687,0.079013921366334,0.08696827063213994,0.043745410078204844,0.052296708560054014,0.04058715662561573
Inverse volatility,2024-10-01,0.04784851359985864,0.046951647868322975,0.022675803799944487,0.035752641771068294,0.03886168836201172,0.026863128744240634,0.05530965849193441,0.046784418241548345,0.05041997575279538,0.05294291896708976,0.07572921572663674,0.04160240937773635,0.05397250862301437,0.04316121413964911,0.058507591303495955,0.0782026350317893,0.08709541825615061,0.043592469003234734,0.05309728333017302,0.04062885960930511
Inverse volatility,2024-11-01,0.047836526060777894,0.04841431694854895,0.022224658446028632,0.03579050147541117,0.03895761772704364,0.028906178111467264,0.05663303012188996,0.047331758077949454,0.05080080606479475,0.05378021187494347,0.07389495703599988,0.040668829062123955,0.050893173376042204,0.043645495559878754,0.058323692481935946,0.07824921067009308,0.08721019785921091,0.04305277078424122,0.05304779855457101,0.04033826970704779
Inverse volatility,2024-12-02,0.0512932374359984,0.04939850175155652,0.022396941718435488,0.037127607417909506,0.0395514759736226,0.029456573980534702,0.05208929234965761,0.045677768284783204,0.05089879562819232,0.05358763774045582,0.0735658337353829,0.03923751060082879,0.049801550663158715,0.04220490540088729,0.058473948409533336,0.07747107471539678,0.08769832668513866,0.04291473715908596,0.054581211984285276,0.04257306836515606
Inverse volatility,2025-01-02,0.05279952633937199,0.05039436995570872,0.02269519969295375,0.037336492647130466,0.03915862566753227,0.02991524036552537,0.051730440521294954,0.04607127326756192,0.0513075662851685,0.0538770994475845,0.07240924504992782,0.03879220401966572,0.046923985113162696,0.04190983687096686,0.06039336842730747,0.07652427433881785,0.08712244129345413,0.04261411065488966,0.05447979328194017,0.043544906760035175
Inverse volatility,2025-02-03,0.0525550542500878,0.05025133574162835,0.021988061621428943,0.038096881372372375,0.039491965900273956,0.03002243247692264,0.052013287786176914,0.04617738656524379,0.052064685602619606,0.05477878327481082,0.07028110044653282,0.03803655422490356,0.046063847371711424,0.04135028409854779,0.06290980856624499,0.07585318572137312,0.08617057775423057,0.04258893942884427,0.05462196783951034,0.044683859956535905
Inverse volatility,2025-03-03,0.05238915586334304,0.05164644536265069,0.02227916068090818,0.039192285031107055,0.040386108758446226,0.033335352152562725,0.05109196393350961,0.045831264083023,0.05256149124368728,0.05501878399509101,0.0703766962791646,0.03788054208787111,0.044954426198920164,0.04122875715446356,0.0619777473581651,0.07362353408832292,0.08264268312879036,0.04242877600446625,0.056318830925876105,0.04483599566963099
Inverse volatility,2025-04-01,0.05171908829676798,0.05217797700363132,0.02202628850359887,0.039131993581887244,0.040302159638178806,0.03348524375594596,0.05252957604305509,0.04674903959020662,0.05359876945204669,0.05563464477543978,0.07106824906014038,0.037452839059010694,0.04499141566127493,0.042183973060829,0.05937438614273635,0.07341661409200109,0.08181630571416808,0.04219394534485021,0.05556995556095241,0.04457753566327845
Inverse volatility,2025-05-01,0.04596423280300709,0.052726047013857816,0.022583316741789424,0.03923475683574939,0.041971566873168005,0.03337070481735475,0.05273578754302573,0.046620749497291905,0.05470602469293772,0.05370396280428605,0.07210739174717659,0.037354923404653705,0.040520054057168194,0.042674435108412755,0.06121352745021755,0.07450590572595689,0.08322059394284553,0.043731517219899776,0.057650893808222727,0.043403607912978356
Inverse volatility,2025-06-02,0.0455712993686678,0.05315624771972289,0.022767427149727536,0.03945331206633434,0.04191094192857384,0.03422470004770401,0.05355257816705226,0.0474607149967066,0.05606815121020766,0.054887508471792315,0.07120241590479591,0.036240362444824696,0.035636888289924874,0.042758755392037974,0.06191219604630052,0.07493104250857993,0.08246440977711789,0.04329777741683122,0.058841540278586124,0.04366173081451155
Inverse volatility,2025-07-01,0.04536451960994153,0.054186068005412036,0.024066747508751186,0.039748087347590354,0.041531198903096714,0.03406759692792814,0.053376048578549114,0.047585175381821165,0.05552872105525117,0.05481013040746433,0.0708433372573815,0.03584140848876395,0.03575518702563694,0.043873693601260845,0.06114711841323333,0.07460340637579295,0.0821494874462167,0.04304341976103478,0.058921455889794895,0.04355719201507839
Inverse volatility,2025-08-01,0.04527905013678922,0.055514510910450836,0.024166429727938615,0.040005465875371224,0.04231153478949182,0.03441623857056421,0.0534044245495858,0.04811982331790018,0.05569266700455262,0.05444001744711998,0.07030703195221505,0.03558761462367195,0.035107560653306856,0.043814472012390866,0.06122457711063873,0.07386602922292983,0.08158618679305527,0.04225693785374791,0.059216739249422445,0.04368268819885654
Inverse volatility,2025-09-02,0.045049289298245775,0.055554188445744994,0.024600535102149764,0.04007433981034229,0.042371535665525345,0.03400178151590874,0.05345942238837497,0.04813775537294848,0.05638955144281422,0.05493808013023873,0.07174301845102007,0.03518332934318363,0.03344610213029392,0.044691194989115876,0.06084048098978276,0.07408012513699735,0.0810354777824321,0.04214542928231677,0.05793627304474448,0.04432208967781972
Inverse volatility,2025-10-01,0.04484624515436665,0.0559003522923581,0.024658940526064717,0.040287066354882585,0.041454790126196635,0.034245159394496974,0.05338939460554292,0.04838482256344826,0.056364331767618035,0.05469369084389909,0.07196187862317965,0.03528782836851024,0.03301750711927088,0.04457867951267195,0.060568626627487035,0.07393554126270394,0.08145237939132034,0.0420757664905164,0.058209546061020835,0.04468745291444472
Inverse volatility,2025-11-03,0.044297768196397184,0.056314996819918195,0.024563277205748385,0.04041266543457612,0.04203006306100241,0.03348263433952847,0.052596686139136525,0.04798011983877328,0.05776385841531811,0.05550517145811331,0.07161333543935937,0.034722367140608924,0.032626480386958694,0.04250466539580968,0.05995042601488549,0.07346110076559048,0.08225066211250305,0.04533697807983496,0.05792538725047309,0.044661356505464316
Inverse volatility,2025-12-01,0.04440487681900756,0.05633963602008991,0.024371660582048163,0.03963092544041439,0.040952682087475045,0.03335242880450664,0.0525424212472473,0.04915979849654038,0.05818867480952793,0.05678756594379059,0.07149557703494346,0.03494739663257441,0.03234149450821188,0.04291100239750724,0.06035477817212802,0.07281068081221227,0.0814354274198635,0.04634619506016624,0.05699157105080814,0.0446352066609369
Inverse volatility,2026-01-02,0.04443903439381369,0.05607902387535197,0.024350530683254115,0.039623583073913116,0.04111245827054405,0.03339246932297935,0.051488166087049037,0.050208557588219016,0.05804616593136635,0.05682715626799044,0.07102760796790103,0.03489394613192964,0.03217891922923435,0.04268130303850007,0.061263981583927,0.07286665580965758,0.08121318897590424,0.0467135941630339,0.05693476596870519,0.0446588916367258
Inverse volatility,2026-02-02,0.04517939413443421,0.05347431262687336,0.02480459200809314,0.03987470218390938,0.041716705049054524,0.033084334324689206,0.051239989014140966,0.050478833679244335,0.057842923744766114,0.05662822518064221,0.07124539083884994,0.03502679842910199,0.03065969586225931,0.042618197493951626,0.061305042294898145,0.07385314195660159,0.08095273484651,0.047539329433882865,0.05717041059776306,0.04530524630033398
Inverse volatility,2026-03-02,0.044623622016240296,0.05284625459155124,0.025534412141073534,0.04027128407379714,0.04232132536752194,0.03595066223431921,0.050453188669027045,0.05041844997319799,0.05690375897353701,0.05679932881282493,0.07130852893047909,0.03423634810404932,0.03055885869363898,0.041906912680595064,0.06085401105457913,0.07314773645934808,0.08063133993535132,0.04810423825994707,0.05721230218436857,0.045917436844552996
Inverse volatility,2026-04-01,0.04510779330125605,0.053159782290665814,0.025884750565330104,0.040104215780672116,0.04281964850623123,0.03570714264548752,0.050517083704505486,0.05020454340266473,0.05633978700539678,0.05665333543482079,0.07112015994054878,0.034251282156460436,0.03068183424057461,0.04122866769263764,0.06352791449842247,0.07112198361566917,0.08002163261022713,0.048617478858705314,0.0566202054823199,0.046310758267403884
Inverse volatility,2026-05-01,0.04553516672046185,0.052358722606603965,0.026593209276140835,0.039994447814203665,0.042776864751459684,0.035647476647188224,0.05158929710296899,0.05119448981852537,0.05493398688968721,0.055552051287366816,0.07181182986850926,0.034386190035122284,0.030687574532524183,0.04080012129465945,0.06383854174125538,0.07080955541492369,0.07941012439536657,0.0488985347780415,0.056398133442797205,0.046783681582193835
Inverse volatility,2026-06-01,0.046269203436884405,0.05246360863579321,0.02682051268203266,0.04044026711507591,0.04303442100638113,0.0362429611885359,0.05186092232380054,0.05119548524296604,0.05397370032914031,0.05497750315578995,0.07285906824110924,0.03418596351188466,0.030794086215242433,0.040265942097368196,0.06340072042167551,0.06976093714215187,0.07926296100718834,0.048724100883675944,0.05609539593730607,0.04737223942599763
Inverse volatility,2026-07-01,0.0469507982369924,0.050555458193455444,0.02768864181533302,0.04019282966542738,0.04268310891581811,0.03603935144383356,0.05231929551828146,0.05211256844939405,0.054544397443887976,0.05561852782892186,0.07170084871637675,0.03424962891026282,0.03124080081905828,0.03897905962572012,0.06375616284311188,0.06919311949318281,0.07821723976451166,0.05033007507447869,0.05572531726256039,0.04790276997939131
Inverse volatility,2026-08-03,0.0473125928426297,0.04718874051715545,0.028486525906214318,0.04081212920158178,0.042894554036320996,0.03573152506215436,0.05286586219342732,0.05316383131325291,0.05459594012234626,0.05574909817528531,0.07084131331071226,0.03486622080172837,0.03193433958625634,0.038344577147394136,0.06430881585473541,0.0687455493173612,0.07476581293995743,0.05284050718371857,0.056490409102178486,0.04806165538558933
Inverse volatility,2026-09-01,0.046645097471792234,0.04661615147140948,0.02958676752486831,0.03927658193549798,0.042148027781170064,0.035590962952096634,0.05358347786441958,0.05392227081082548,0.05412170358665961,0.05571614701374757,0.07061100274558275,0.035334170280829205,0.031868432919305,0.03805200005576144,0.06441578455999167,0.07034930840719006,0.07468974882019384,0.05312774102697563,0.05636428650946769,0.04798033626221571
Min variance (sample),2024-01-02,0.0,0.006001117189833613,0.0,0.0,0.01610865966435247,0.0,0.05243066732830085,0.0,0.043396776448613616,0.11656774002497496,0.15,0.07242914259783667,0.12757085740216328,0.01614372987728254,0.015384377219382678,0.15,0.15,0.023518021360609768,0.03592390815839181,0.024525002728257837
Min variance (sample),2024-02-01,0.0,0.008661747905790294,0.0,1.0521100066087563e-18,0.01321362360606192,0.0,0.058462187941029836,6.377528487697496e-19,0.03724902773732105,0.1185302928956729,0.15,0.06891401030184299,0.1277518872487282,0.0149287031700456,0.02276591419809637,0.15,0.14999999999999997,0.018495524863153225,0.03588082804698136,0.025146252085276186
Min variance (sample),2024-03-01,9.963453287105502e-19,0.0016623128233104838,9.975099990130249e-19,0.0,0.02137648414695184,0.0,0.05761449931331975,0.0,0.04870285103841927,0.10120400150474497,0.15,0.06824677427690512,0.13175322572309486,0.011983595371019926,0.024968233496673552,0.15,0.15,0.011385197988329262,0.050617890977090685,0.020484933340140416
Min variance (sample),2024-04-01,0.0,0.004309690138247478,1.4740899598752595e-18,0.0,0.019002908469166052,4.893270800365251e-18,0.08125673272859507,0.0,0.052088573787353994,0.08542676560077062,0.15,0.06550573026992595,0.134494269730074,0.0032473862953868405,0.026952931993872845,0.15,0.15,0.01118108596142492,0.045868632103225955,0.02066529292195623
Min variance (sample),2024-05-01,0.0,0.005374078511677036,0.0,0.0,0.02230129389535938,0.0,0.06146094912071991,4.563442467535081e-18,0.0528325056813333,0.08951414525203794,0.15,0.07003475964336779,0.1299652403566322,0.009427648981887502,0.036215997718246,0.15,0.15,0.010225667454184347,0.045502170862818964,0.01714554252173561
Min variance (sample),2024-06-03,1.2370129549884463e-18,0.016305862035474555,1.0800095862169655e-18,0.0,0.017936519749182804,0.0005723422251600307,0.05325617611548382,0.0,0.045554336113962694,0.10506835517652213,0.15,0.07573174222748573,0.12426825777251424,0.0,0.049999999999999996,0.15,0.15,7.719918669458354e-19,0.04663458606139639,0.014671822522817634
Min variance (sample),2024-07-01,0.014634020385956901,0.01904377440268513,0.0,0.0,0.024166582223833073,0.003885200893834733,0.053860815626267315,0.0,0.07707172714698708,0.07513200731135602,0.15,0.078576738640774,0.12142326135922595,0.0,0.049999999999999996,0.15,0.15,7.911793295262342e-18,0.024442833227306095,0.007763038781773736
Min variance (sample),2024-08-01,0.01129242386259308,0.026955601987927187,0.0,0.0014537312896737435,0.030080713375207586,0.005672111178011879,0.057694110430854664,3.077628446051546e-18,0.08421823843837431,0.06724387915075507,0.15,0.0846560603216639,0.1153439396783361,7.891571808072403e-19,0.049999999999999975,0.15,0.15,0.003956431991480875,0.0029787024139873814,0.008454055881134136
Min variance (sample),2024-09-03,0.00551056922278349,0.03137621325328267,0.00212789504532046,0.005562615628837462,0.03246261359553831,0.001055021075894679,0.06532239010542944,5.559599390710338e-19,0.08185590629231351,0.058745518015304664,0.15,0.07314826844572778,0.11963881364673971,0.004255316023260049,0.05000000000000001,0.15,0.15,0.0010430229832502265,0.004963550317291699,0.01293228634902583
Min variance (sample),2024-10-01,0.017281515727022346,0.025348212858600262,0.0023997379398858856,0.013407662832816386,0.02842291626716108,0.00538030881160462,0.05376437047608726,2.8118781328405688e-18,0.08026745894189624,0.051995003679731505,0.15,0.06965776756490254,0.11977083062463914,0.015444814324113234,0.04999999999999999,0.15,0.15,0.0,0.003055411346622362,0.013803988604917147
Min variance (sample),2024-11-01,0.016989761910404945,0.04762146018292213,0.003941127474473904,0.016888731691314857,0.018492556409262534,0.0,0.07270211184980507,5.5178390477299715e-18,0.05909486017395901,0.07211442089321562,0.15,0.06504704745439421,0.09576444142717899,0.012750937365777874,0.049999999999999975,0.15,0.15,4.129122366907182e-18,0.0,0.018592543167290893
Min variance (sample),2024-12-02,0.04268087994649557,0.0513831296252595,0.0115051327625565,0.003498935579098124,0.027443165398672382,0.0,0.056231626954756544,4.3083106272719387e-19,0.07694918302218334,0.051918089008797165,0.15,0.045702408475647584,0.07987052422246552,0.0015968567189408292,0.05000000000000002,0.15,0.15,0.00107637984907595,0.015370473530766324,0.03477321490528466
Min variance (sample),2025-01-02,0.053417536783435596,0.05887091350681196,0.015735354034195743,0.00871779421019255,0.02800536326030144,1.6771676666651232e-18,0.04597534752975775,1.363617960503475e-19,0.09038943752587397,0.03735815423010345,0.15,0.03669930199339699,0.07429943959802433,9.964443446482844e-19,0.04999999999999998,0.15,0.15,0.0,0.009820340180357124,0.040711017147549156
Min variance (sample),2025-02-03,0.052382035815682966,0.07437735319923464,0.025253139427597188,0.0046070188273831456,0.027738399700220247,2.072702698787706e-18,0.03748174671170941,3.1159340707196207e-18,0.09175660595392067,0.044689814902261475,0.15,0.031667946817066424,0.06707441725340603,0.0014818016908010457,0.049999999999999954,0.15,0.15,5.3360782988894396e-18,0.0010311339159417149,0.040458585784775
Min variance (sample),2025-03-03,0.038641283508885606,0.08727580331264304,0.026179639663202157,4.730719129453047e-19,0.036102482860437365,0.0,0.03701603921185418,0.0,0.09128941765252005,0.041109540278919283,0.15,0.028027715228890582,0.05971552788920075,1.9807829902696378e-19,0.04999999999999996,0.15,0.15,0.0,0.010338298310841355,0.04430425208260549
Min variance (sample),2025-04-01,0.030099630913823932,0.09049992976960429,0.028635674606756086,0.000515677758218413,0.042278553632832346,6.394872346157086e-19,0.02948574064057439,0.0,0.09882573691551398,0.04369232807609565,0.15,0.022835710889913336,0.06674309178378876,6.81297344688812e-19,0.049999999999999996,0.15,0.15,0.006653525552142225,1.3063133611726546e-18,0.039734399460736564
Min variance (sample),2025-05-01,0.0,0.1121079541783672,0.01101104855847094,0.0,0.0567451572605874,0.0,0.002618554393512742,0.0,0.13526638115228604,1.0366831492753378e-17,0.15,0.02735915677508084,0.09242857790069228,0.0,0.049999999999999996,0.15,0.15,0.0,0.041804493504345806,0.02065867627665679
Min variance (sample),2025-06-02,4.3859829013292505e-18,0.11189118492409542,0.013194594268969887,0.0,0.060914446060082214,1.0648522612359158e-18,0.008822493513757194,1.302785646184388e-18,0.14829983686390352,0.0,0.15,0.015482038539421036,0.07193538393504408,0.0,0.04999999999999999,0.15,0.15,0.002103383146942831,0.04276493931069257,0.024591699437091292
Min variance (sample),2025-07-01,0.0,0.1273511635317139,0.011862267494063631,6.699038365627671e-19,0.05396870872688914,1.1192088255899673e-19,0.00802272992902342,3.554989108166164e-18,0.15,0.0,0.15,0.013744329222571969,0.069264371839671,1.9413222595158343e-18,0.05000000000000001,0.15,0.15,0.0005173507341930673,0.043476742343144394,0.021792336178729322
Min variance (sample),2025-08-01,0.0,0.13348323308230142,0.014053305816071488,5.077103951792154e-18,0.05187746238182281,0.0,0.0085056989306756,9.767110642055485e-19,0.15,0.0,0.15,0.015053998584748122,0.06824904811943434,7.765201210779151e-19,0.04999999999999996,0.15,0.15,0.004238040933132571,0.037190880204949636,0.017348331946864113
Min variance (sample),2025-09-02,5.1691334625444955e-18,0.14717633342626762,0.01188212836442827,0.0,0.05080386010937635,9.330214193826774e-19,0.01466070186567158,1.3992300064164639e-18,0.15,0.0,0.15,0.013015029734713378,0.06050601928700814,2.0644165179378477e-18,0.05000000000000001,0.15,0.15,0.004871648773734957,0.03058103713590016,0.01650324130289945
Min variance (sample),2025-10-01,1.9095783632554487e-18,0.1472725789979952,0.015457846466627314,6.278481660964524e-18,0.05207292618622864,9.926730448162334e-19,0.009198805910737986,0.0,0.15,1.467329132633862e-18,0.15,0.012597060739582817,0.055308777777925366,0.0,0.05,0.15,0.15,0.007311047252496928,0.03827347537434567,0.01250748129406015
Min variance (sample),2025-11-03,0.0,0.14999993876956433,0.014316023132962591,2.1988693058623776e-18,0.0541886024909609,1.549788041377507e-19,0.007571358019577647,0.0,0.15,8.907327979465173e-19,0.15,0.01332314210018318,0.05210268438381043,0.0,0.05000000000000002,0.15,0.15,0.006884732127764977,0.04111472833605116,0.010498790639124301
Min variance (sample),2025-12-01,3.843395173822713e-18,0.14688587489193095,0.01532846584741074,3.3407911431444355e-18,0.05560543585051955,1.3707130317967155e-18,0.016125412405497204,1.822584825718405e-18,0.15,0.0014098946726081977,0.15,0.016891163599812267,0.04811003474189839,0.0,0.049999999999999996,0.15,0.15,0.01483388914544266,0.034809828844880014,0.0
Min variance (sample),2026-01-02,4.1251122535366525e-18,0.15,0.018416485767037548,0.0,0.05395154085385163,0.0,0.012092411817679824,7.034882185591988e-18,0.15,0.0,0.15,0.018326408638237136,0.04832840206813047,0.002366148020759532,0.049999999999999954,0.15,0.15,0.01703224351682249,0.027905841449705225,0.0015805178677762454
Min variance (sample),2026-02-02,7.704155360542e-19,0.14557593564751578,0.018896709121063397,0.0,0.05459771275752347,0.0,0.017551839852543518,0.006385298131293635,0.14830095673757235,3.167843036970298e-18,0.15,0.020838053616601914,0.04490247384778884,0.004418945875263723,0.049999999999999954,0.15,0.15,0.020165227510885585,0.018123407280038587,0.00024343962190932322
Min variance (sample),2026-03-02,6.694748625133352e-18,0.14600986227725463,0.019313097965535757,1.3758929453186254e-18,0.0643711042701863,1.2488820452195993e-18,0.014086677011402114,0.011087888749154156,0.1390233721727436,0.0,0.15,0.012837792076481508,0.04268456315450637,2.880989708363296e-18,0.04999999999999997,0.15,0.15,0.023827370475546675,0.02675827184718894,3.6614667085366024e-18
Min variance (sample),2026-04-01,0.0,0.15,0.019337687411138144,9.566216084297123e-19,0.06229674318455052,0.0,0.0003583334441245971,0.02739992855485403,0.13132848157950883,0.019571681709702332,0.15,0.010528328379826875,0.042635838538909385,0.0,0.05615958793561416,0.14384041206438586,0.15,0.021858529835320068,0.014684447362065227,0.0
Min variance (sample),2026-05-01,8.130295816898368e-18,0.1493980527476785,0.019112872258039804,4.4740746878851034e-18,0.05731085388176112,1.7482871571014508e-19,0.012291449249012586,0.024692461400788034,0.12410919322562784,0.026928528914404733,0.15,0.007463848023670034,0.039661283418732596,1.6136336064575532e-18,0.05787044422246028,0.14212955577753972,0.14999999999999997,0.024114616935083967,0.014916839945200676,4.631246302888808e-18
Min variance (sample),2026-06-01,0.0,0.15,0.019589145792799387,1.9865982217026838e-18,0.06030297022069095,1.3692819282716503e-18,0.011850606628150082,0.028395978254403043,0.10987636643785134,0.03183186873031163,0.15,0.0018415936600297102,0.03919646249863788,1.5332057367615747e-18,0.06138200077821236,0.1386179992217876,0.15,0.030033929237747486,0.017081078539378413,0.0
Min variance (sample),2026-07-01,3.575577953960803e-18,0.14615534404342245,0.014863587286999765,3.869062621556406e-19,0.05588320252784222,1.0224111831978366e-18,0.005795863104358313,0.03323636017881385,0.11214211110715704,0.02903478345361689,0.15,1.6101101443029973e-18,0.0388745669020352,0.022709494151547892,0.061778536856872526,0.13822146314312747,0.15,0.03169387208976002,0.009610815154446494,0.0
Min variance (sample),2026-08-03,1.6503878192673646e-18,0.12410140585892188,0.01799078075308673,0.0,0.05848675348890499,0.004727729034072466,9.155526006343532e-19,0.03887502337713908,0.10571841660700664,0.03448633169586264,0.15,6.905415958753879e-19,0.041128765514232286,0.03684729988028458,0.06741042180645122,0.13258957819354877,0.15,0.03291993404436488,0.004717559746123765,0.0
Min variance (sample),2026-09-01,0.0,0.11740991004699215,0.031919489072902596,1.3517459360083812e-18,0.04780171121384342,0.005249692786938571,5.925426159200604e-19,0.03726318393506919,0.10117986934077342,0.034167393262645535,0.15,0.0,0.04296937159788278,0.03834837766509826,0.06795248467276437,0.13204751532723566,0.15,0.039547446944329386,0.004143554133524494,0.0
Min variance (shrinkage),2024-01-02,7.37540701657826e-18,0.007324927217721483,0.0,1.4984277307319071e-18,0.016116062690200023,3.465714690289223e-18,0.051959675130870735,0.0,0.04928361967584977,0.10836638108369721,0.15,0.07324665970550831,0.12480955950870008,0.018123828253028787,0.016942237168119517,0.15,0.15,0.024291609540095883,0.03495841547956636,0.02457702454664186
Min variance (shrinkage),2024-02-01,8.785496257575948e-18,0.01013465636975634,0.0,0.0,0.01340986701332475,1.4893656913428882e-19,0.058190874206346964,1.6045098011137337e-17,0.044306540865057024,0.10961503726484502,0.15,0.06914057781312431,0.12361986511567293,0.016871031675028233,0.024460698903270288,0.14999999999999997,0.14999999999999997,0.01997456765520963,0.035131930801884335,0.025144352316480167
Min variance (shrinkage),2024-03-01,0.0,0.003399428080903588,8.694376910954283e-18,4.546138930894755e-18,0.021096559719615434,3.89748258717903e-19,0.05661573219447604,3.065121126603638e-20,0.05290763860290327,0.0946783285610234,0.15,0.0696881301562489,0.12958138809586145,0.014080444007997999,0.02586001287183763,0.15,0.15,0.012677729107814622,0.04846015554504555,0.02095445305627205
Min variance (shrinkage),2024-04-01,6.7072806179189e-19,0.005718243459405652,3.1996672127721607e-18,0.0,0.018995110583048914,0.0,0.07820434398379718,2.3683841404148327e-18,0.05488444309143631,0.08065233580088588,0.15,0.06709282809272951,0.13290717190727044,0.0059875259601737075,0.027411522286255072,0.15,0.15,0.012554000626544243,0.04427135624106089,0.021321117967392143
Min variance (shrinkage),2024-05-01,1.0142718827221447e-18,0.006768919439087833,2.7916333831860793e-19,1.2352914501070794e-19,0.0222406758861701,1.5656342995362642e-19,0.059916982609322836,8.434290675364604e-18,0.05585990793787991,0.08405295355073682,0.15,0.07132707483047565,0.12867292516952436,0.011616106932740922,0.03615394152359096,0.15,0.15,0.011691814511937342,0.04376666275516692,0.01793203485336632
Min variance (shrinkage),2024-06-03,3.048776847659849e-18,0.01716889047426123,7.188035667424983e-19,4.179521876926742e-19,0.018377739764444866,0.0008282317062792587,0.05340524118096976,5.40266783019431e-19,0.05179027604896603,0.09698738955604984,0.15,0.07678451466709166,0.12321548533290834,0.0,0.04999999999999998,0.15,0.15,0.0,0.04578902003102446,0.01565321123800471
Min variance (shrinkage),2024-07-01,0.01562180204465789,0.019005433205683177,0.0,0.0,0.02376354020302955,0.004005226097034873,0.05285594092630448,5.2565383904778015e-18,0.0758244900555088,0.07404914809864306,0.15,0.07967277699047265,0.12032722300952732,8.274520225771538e-18,0.049999999999999954,0.15,0.15,0.001189177690367534,0.02446820111302546,0.009217040565745321
Min variance (shrinkage),2024-08-01,0.012788768130890601,0.0260115732371608,0.0,0.002171749744015352,0.029070641877237065,0.005644990046084435,0.05601284042628878,4.2319859124427714e-18,0.08064445758071068,0.06847993121361844,0.15,0.0850287391844544,0.11397920539231267,4.0491804801806134e-18,0.04999999999999999,0.14999999999999997,0.15,0.005241642163176506,0.005197914134834108,0.009727546869216203
Min variance (shrinkage),2024-09-03,0.008071834692123123,0.030957207612422242,0.0018064390621075452,0.0060266418614678,0.031318321789393797,0.0010855017183048331,0.06326072978729728,4.341660807825886e-18,0.07748720524648993,0.06093180269724298,0.15,0.07255448724293656,0.11571693695494904,0.006584898734074104,0.04999999999999999,0.15,0.15,0.0030007047116624333,0.0072188095125392225,0.01397847837698924
Min variance (shrinkage),2024-10-01,0.018877364052467264,0.026090507230722683,0.001968206496322684,0.01317979214740326,0.02770895401807003,0.0052949538827976655,0.053084586636281225,5.495318898547917e-18,0.07575890067367237,0.054979291690754925,0.15,0.06933010343543805,0.11544264628659175,0.016553749782408898,0.049999999999999954,0.15,0.15,0.0004957390531710784,0.006382493875519253,0.014852710738379007
Min variance (shrinkage),2024-11-01,0.019074307912092366,0.045609031275146636,0.004063732804563113,0.017445773149784276,0.019452823652246872,3.4750436677639695e-18,0.07049115709129945,0.0,0.06026334266793195,0.06942953195597933,0.15,0.06478371459209166,0.0941919795528315,0.015349590152489672,0.04999999999999999,0.15,0.15,0.0,0.0,0.01984501519354328
Min variance (shrinkage),2024-12-02,0.04227312843687852,0.0489168090648754,0.011727998610391657,0.005078209701474223,0.027699261298314976,0.0,0.05463116221045324,0.0,0.07293782715567261,0.053778994421328684,0.15,0.045596135690043525,0.07838868824238515,0.004336940411856017,0.049999999999999975,0.15,0.15,0.0032348839794315385,0.016526573660147238,0.03487338711674723
Min variance (shrinkage),2025-01-02,0.05253752386365035,0.05562090284770527,0.016015146574631184,0.010346011446434954,0.028420513925867398,2.011753010088467e-19,0.04567701213963117,0.0,0.08304699854610956,0.0437535533515279,0.15,0.037291149029361176,0.07292215767597912,0.0,0.04999999999999998,0.15,0.15,0.0006467705013251038,0.01295461995413484,0.040767640143642044
Min variance (shrinkage),2025-02-03,0.05200670964153529,0.06922400796101352,0.02506812597118877,0.006650796296439768,0.02831913351091679,0.0,0.037357528376087586,0.0,0.08435626327548572,0.04920790005386107,0.15,0.032534038339758035,0.06629612029870788,0.003872437913924524,0.05210319287097525,0.14789680712902475,0.15,0.0,0.004546305732542883,0.04056063262853828
Min variance (shrinkage),2025-03-03,0.03987871470740051,0.0817731955513397,0.025855802033767902,0.0010690225359756749,0.036634743187148135,0.0,0.037623964645987426,0.0,0.08425770146596416,0.04634348453773257,0.15,0.02900851663749003,0.05928950741082952,0.0,0.055506815052168076,0.1444931849478319,0.15,0.0,0.01340500784513844,0.044860339441225965
Min variance (shrinkage),2025-04-01,0.032608347521473506,0.08327274343916881,0.029093007358314365,0.004137201242364015,0.04153468363276591,7.579856120124737e-19,0.030967607686499886,8.634689620644525e-19,0.09053773555425461,0.04947622567968017,0.15,0.0235258950094684,0.06604363974579891,0.0,0.05000000000000002,0.15,0.15,0.00874319487648357,1.5398777100062147e-18,0.04005971825372784
Min variance (shrinkage),2025-05-01,2.1180203875031782e-20,0.102111740171266,0.012323197770956995,8.588889530708994e-19,0.05764760584511616,0.0,0.010089377437908312,0.0,0.11388734687657523,0.015429410332108241,0.15,0.02920710968823969,0.09096427823743715,1.1568960689548956e-18,0.049999999999999975,0.15,0.15,0.0005534540691120432,0.04440714782722919,0.023379331744051098
Min variance (shrinkage),2025-06-02,0.0,0.1007585515256184,0.014863231114831333,4.1812202962438385e-18,0.061937977956257405,1.0579124167444165e-18,0.017001200565247183,0.0,0.12553476959423487,0.012668006062723424,0.15,0.01714189043241471,0.07158929400976465,5.4684714708465385e-19,0.049999999999999975,0.15,0.15,0.0076086130173501154,0.04393411605770665,0.026962349663851262
Min variance (shrinkage),2025-07-01,3.846975805969922e-18,0.11339582786050378,0.014065265517398442,0.0,0.05577348007280523,0.0,0.015169579190155515,1.1543771806567084e-18,0.12799345248430116,0.01576569914276361,0.15,0.015491321360416104,0.06899083898471987,0.0,0.04999999999999996,0.15,0.15,0.0057680521546859724,0.04376880452338448,0.023817678708865718
Min variance (shrinkage),2025-08-01,4.516485224066643e-18,0.11740957350536378,0.016312829614515845,0.0,0.05484032453815056,0.0,0.016543177049098974,1.2398942510720822e-18,0.12708942728589714,0.013910414789582362,0.15,0.016662651562306053,0.06819321390137952,1.1206507291853476e-18,0.04999999999999997,0.15,0.15,0.00942808047235572,0.03930108707506564,0.020309220206284517
Min variance (shrinkage),2025-09-02,2.6305414256327804e-19,0.12905364458070134,0.014463363540600618,8.547595957796103e-19,0.05400877577838485,0.0,0.021124482526428547,1.0392539596034375e-18,0.12853344839381237,0.015617126310260116,0.15,0.014602070678081553,0.06032817817460775,9.921297337741774e-19,0.0514685727284567,0.1485314272715433,0.15,0.009893326016521648,0.03294857420302438,0.019427009797576725
Min variance (shrinkage),2025-10-01,0.0,0.12894506952999596,0.017963425048215322,1.0083144794584279e-18,0.055125892173284605,0.0,0.017594958813092497,2.6832532091338973e-19,0.13205230118840658,0.009414548115755449,0.15,0.014301897146583777,0.055655632273305125,1.7056211183957298e-18,0.05222134016393937,0.1477786598360606,0.15,0.012710719288867066,0.039639199829014746,0.016596356593478846
Min variance (shrinkage),2025-11-03,4.393749811210147e-18,0.1296655187191607,0.01721918184129521,4.42883742750671e-19,0.057394500579207364,1.553502755278669e-18,0.015343899620231945,2.584952580452505e-19,0.13405375066607048,0.005524634745793181,0.15,0.014927077396613815,0.05272983969715431,0.0038095307988902033,0.05132306247313543,0.14867693752686456,0.15,0.013418488490935852,0.04114829436636983,0.014765283078277118
Min variance (shrinkage),2025-12-01,0.0,0.12702099394508906,0.01694729786838625,1.5415831597539248e-18,0.057219516103362504,9.937209412496372e-19,0.02090984740327916,0.000709528563603945,0.12045214473118984,0.027011307845376413,0.15,0.018412445322852706,0.04851912093075831,0.005194348979010252,0.058000266573088245,0.14199973342691175,0.15,0.02242117767176766,0.035182270635323934,0.0
Min variance (shrinkage),2026-01-02,1.2604553791005244e-18,0.135023563375677,0.01894022112344219,0.0,0.05396459913791898,0.0,0.012956562836045245,0.003340325022565229,0.12361345180018607,0.02195274183276169,0.15,0.018990543834729295,0.04819883514031359,0.006863072697871463,0.059006212694612474,0.14099378730538747,0.15,0.0231388807504122,0.028007843948996993,0.005009358499080108
Min variance (shrinkage),2026-02-02,0.0,0.12838482640602503,0.020781097284577353,2.9406144820487666e-19,0.055410293465669315,0.0,0.01868618537700119,0.010350665348482667,0.11619614325636977,0.023016399923516045,0.15,0.021716690537826534,0.0446527196454345,0.008628412437490037,0.05233149949368589,0.1476685005063141,0.15,0.025952808802502447,0.02170284410177043,0.004520913413334657
Min variance (shrinkage),2026-03-02,3.828851740308093e-18,0.12888810176046253,0.021313120176495812,1.240395250124929e-18,0.06329399349515807,0.0021452285600208703,0.016765725593106833,0.014511670295870395,0.10855996696618143,0.02473420509443504,0.15,0.01463166951641878,0.04271286214023514,0.0027306134602639244,0.05349951148312417,0.14650048851687578,0.15,0.029417058545058123,0.028862279371647235,0.0014335050246460158
Min variance (shrinkage),2026-04-01,0.0,0.13867712583442032,0.020307808320269734,2.9295827505781735e-19,0.060552108020437964,7.893664514241593e-19,0.007692429994316723,0.02586021286214006,0.10556869766438608,0.040449740643630196,0.15,0.011887362964003003,0.042455361727306656,0.0,0.0666625546949054,0.13333744530509456,0.15,0.02785377833339667,0.018695373635692538,3.8342006524197463e-19
Min variance (shrinkage),2026-05-01,0.0,0.13290301923466033,0.021241439936016633,0.0,0.05733637097495896,1.1659635606666028e-19,0.01702582090780064,0.02621979549514745,0.10178115997609949,0.04548350277262908,0.15,0.008936380668720743,0.0399192041691313,1.3847337150393263e-18,0.0684800415915514,0.1315199584084486,0.15,0.02969151485251324,0.019461791012322174,3.7376826403964e-19
Min variance (shrinkage),2026-06-01,3.0356646345542574e-18,0.14037543270612088,0.020883640117828013,1.1486075636988662e-18,0.05834940019389767,0.0,0.016798329510567884,0.02827838666934082,0.09135553833638065,0.04655801065407325,0.15,0.003348844887464452,0.03938049478228427,0.0,0.07075273175698303,0.12924726824301694,0.15,0.033970208912405146,0.020701713229636994,2.1026680558385487e-19
Min variance (shrinkage),2026-07-01,2.6847635337288657e-18,0.13194128223611112,0.017732939224769675,4.677726924215799e-19,0.05543252035958156,2.215097379667816e-19,0.013681237062411504,0.0314948039183808,0.09298801100259452,0.04551482423029801,0.15,0.0,0.039125230003797806,0.020836191512439334,0.07123656529189765,0.12876343470810234,0.15,0.03590548259641252,0.015347477853203123,1.2307668857120414e-18
Min variance (shrinkage),2026-08-03,1.1069750276948409e-18,0.11342765168409248,0.01949985987121842,2.182582995744565e-18,0.05625317932092186,0.008056086903625739,0.01026550339317512,0.03376849096674778,0.08836719087280229,0.04852252100115989,0.15,1.21735843769332e-18,0.04113927306679582,0.03435015899904161,0.07524480998302813,0.12475519001697183,0.15,0.03629676230633618,0.010053321614082907,6.643428638031025e-19
Min variance (shrinkage),2026-09-01,1.1835330612937135e-18,0.10693218306321574,0.032913143483598965,1.9555846864491066e-18,0.046804995518333996,0.00843538000741439,0.009458881943706771,0.03251863060344462,0.08410890665337221,0.04882067237855278,0.15,2.3363393589162072e-18,0.04281356937689715,0.03589242202655454,0.07608336259844245,0.12234198143501362,0.15,0.041931775846315036,0.010944095065137771,0.0
Max Sharpe (shrinkage),2024-01-02,9.678483528679831e-16,8.7333628321904e-16,0.14999999999999888,6.348291542551101e-16,4.703764689571488e-16,2.7984867356389764e-17,2.224233918221735e-16,5.363707502021814e-16,0.1499999999999985,0.14999999999999916,0.0,0.14999999999999825,0.037331572804600935,0.14999999999999944,0.1317802835814334,0.0,0.080888143613967,4.422483250906758e-16,3.5309756017091224e-16,1.0296799678179281e-15
Max Sharpe (shrinkage),2024-02-01,3.2779122335413917e-16,0.005841795848804665,0.15,0.0,1.5295038530412386e-17,0.019568416204533916,0.03580695416176547,6.303594146415304e-16,0.15,0.004487954239932517,0.007581896419485889,0.14999999999999972,0.10903788654619245,0.14999999999999955,0.1499999999999986,0.03741888279490672,0.030256213784377994,0.0,8.962710746617902e-16,1.6489177998366553e-16
Max Sharpe (shrinkage),2024-03-01,0.0,0.0,0.14999999999999844,0.0,0.0,0.12382438692455001,0.0,0.0,0.15,0.0,0.1225178843815409,0.15,0.003657728693920384,0.15,0.15,0.0,7.963450777970611e-16,0.0,0.0,0.0
Max Sharpe (shrinkage),2024-04-01,3.0543465834500866e-15,5.086973135807188e-16,0.14999999999999958,2.244683386149223e-15,1.8066887993403525e-15,0.13619769649778124,0.14999999999999797,2.989264446930515e-16,0.14999999999999766,1.0592280515841623e-15,7.259598667104032e-16,0.14999999999999825,0.0,0.14999999999999894,6.512235199901521e-16,0.11380230350221557,0.0,9.714016298250769e-16,7.800507037127834e-19,7.842164625301101e-16
Max Sharpe (shrinkage),2024-05-01,0.0,0.0,0.15,0.0,0.0,0.13671120270981676,0.15,0.0,0.15,0.0,2.0579004858347894e-16,0.15,2.3393021839837227e-15,0.15,0.04012058376393239,0.07316821352625155,0.0,0.0,0.0,0.0
Max Sharpe (shrinkage),2024-06-03,5.01865701075249e-16,7.85718484207749e-17,0.15,9.549386984743943e-17,0.0,0.08599299201054854,0.15,0.0,0.08623701969131187,0.0,2.387871058922816e-16,0.15,1.783587635013297e-15,0.082230788863601,0.15,0.14553919943453608,6.580761829312559e-16,1.4077800007263383e-16,3.2381128291169657e-17,0.0
Max Sharpe (shrinkage),2024-07-01,4.4282091965425607e-16,0.0,0.15,0.0,0.0,0.09440812724586886,0.15,0.0,0.13105377103910076,0.0,2.6210047881537514e-16,0.15,6.85714560571733e-16,0.059578913960239864,0.15,0.11495918775479172,5.493884497868768e-16,0.0,0.0,0.0
Max Sharpe (shrinkage),2024-08-01,0.0,0.0,0.14999999999999974,0.0,0.0,0.10816801660222143,0.15,0.0,0.12070747244246276,0.0,4.3503818808084296e-16,0.15,0.05428596204087531,0.13112237429897433,0.0935721211968116,0.042144053418657304,1.5027614044689885e-16,0.0,0.0,0.0
Max Sharpe (shrinkage),2024-09-03,1.3999522521143231e-15,2.2378660980477303e-15,0.15,3.151704403239274e-15,7.726252593351739e-16,0.1040283414721009,0.14999999999999655,8.074001110041406e-16,0.05137063951445697,3.554576059042015e-16,0.0,0.14999999999999666,0.05477984466917307,0.09429440748298802,0.061161845062398836,0.10941887538141543,0.0749460464174609,2.2600049307969013e-17,9.996457252581326e-16,2.1637404153800147e-15
Max Sharpe (shrinkage),2024-10-01,0.0,2.6211866659830324e-16,0.14999999999999938,0.0,0.0,0.10842120644843611,0.15,0.0,0.04739452599397303,0.0,2.4349111863984774e-16,0.15,0.03369309978964304,0.13752986899952319,0.015250864061675706,0.09930105826307804,0.1084093764436737,0.0,0.0,3.5462064013476275e-16
Max Sharpe (shrinkage),2024-11-01,0.0,0.0,0.15,0.0,1.0721741980589184e-16,0.15,0.14999999999999963,2.550727905511399e-16,0.02740053669985884,0.0,0.0,0.15,0.04265959439786283,0.04986726821191061,0.05815124541168562,0.14999999999999997,0.0719213552786816,0.0,2.274414534212613e-16,1.273331781703434e-15
Max Sharpe (shrinkage),2024-12-02,1.6343154254657533e-16,0.0,0.15,0.0,1.9424577767102196e-16,0.14999999999999972,0.15,0.0,0.021059806506078818,0.0,0.0,0.14308290992246298,0.07762302890205568,0.04305862261094547,0.11517563205845735,0.15,1.205755355026482e-16,0.0,4.054059290802971e-16,5.559124766349525e-17
Max Sharpe (shrinkage),2025-01-02,0.10014511582037527,0.0,0.14999999999999988,0.012641396719628951,0.0,0.15,0.15,0.0,0.02065478445811735,4.0462986761442704e-16,0.0,0.12533609501298482,0.02478027814133235,4.8820611803784643e-17,0.14999999999999977,0.11644232984756124,6.7981602375807e-17,3.4777252589414057e-16,0.0,0.0
Max Sharpe (shrinkage),2025-02-03,0.013020518322446014,2.787485084970995e-16,0.12973241717915737,2.9850444708734563e-16,0.002805159810006832,0.14999999999999988,0.14999999999999966,0.0,0.0001811866028165975,0.0,1.0604755749023432e-16,0.14138409734833254,0.0628766207372405,0.0,0.14999999999999972,0.14999999999999963,0.05000000000000043,0.0,0.0,6.510752854417283e-16
Max Sharpe (shrinkage),2025-03-03,0.0029646127121556224,0.0,0.10610547036643538,0.0,2.0234632463951582e-17,0.14999999999999988,0.15,0.0,0.008451067024467851,0.0,0.08247884989694124,0.15,0.0,0.0,0.15,0.0893224713537322,0.1106775286462675,1.6011468765313013e-16,0.0,1.6437277290214762e-16
Max Sharpe (shrinkage),2025-04-01,0.0,0.0,0.10836692341919872,0.0,0.0,0.09822547817763504,0.15,3.3522971314058393e-16,0.07368714978868708,6.555866705451311e-17,0.09734031933337813,0.1404484831796538,0.006453032919697098,8.293945042992224e-17,0.15,0.051573667847547994,0.12390494533420263,0.0,0.0,0.0
Max Sharpe (shrinkage),2025-05-01,4.496160748351515e-16,1.2504234914873243e-16,0.15,5.521309288463403e-16,3.9206345025427543e-16,0.14302439648564746,0.1499999999999994,0.002226611917729183,4.31615599160779e-16,6.627920306394131e-16,0.07280273749522458,0.14999999999999972,0.0,4.35830578873169e-17,0.14999999999999925,0.031946254101396745,0.14999999999999922,0.0,4.216031859369537e-17,1.9546865101189066e-15
Max Sharpe (shrinkage),2025-06-02,0.0,2.351499917875933e-16,0.15,0.0,0.0,0.11911410446856067,0.1499999999999996,0.05104474943415369,7.870334966493279e-17,0.0,0.10826252323859041,0.051402490678177,3.757798655573163e-16,0.02017613218051961,0.15,0.049999999999998795,0.15,1.9373183040217971e-16,1.4105452368102754e-17,0.0
Max Sharpe (shrinkage),2025-07-01,0.0,0.0,0.14999999999999966,0.0,0.0,0.12972757774535854,0.15,0.14550739260774145,2.485180200826406e-16,1.741330191154556e-17,2.0650975179048694e-16,0.0747650296468991,0.0,0.0,0.15,0.050000000000000946,0.15,0.0,0.0,1.7730684660503946e-16
Max Sharpe (shrinkage),2025-08-01,5.943964929231014e-16,9.268694229949067e-17,0.15,3.2043143924424147e-16,1.3543297462735418e-16,0.12298598037387189,0.1499999999999996,0.03052457258065467,3.7342319131828075e-17,0.0,0.09103564040406993,0.0816540405522396,9.029466984632047e-16,0.07379976608916378,0.14999999999999977,0.0,0.14999999999999894,0.0,0.0,5.114810670733298e-16
Max Sharpe (shrinkage),2025-09-02,0.0,9.802045401317356e-17,0.14999999999999977,0.0,5.1410054517965234e-17,0.1355355853398965,0.15,0.10937479701102427,2.292193207718661e-17,4.461924273564074e-17,0.15,0.0,0.0,0.0,0.15,2.1229213778712942e-16,0.15,0.005089617649078559,0.0,1.2635179955063514e-16
Max Sharpe (shrinkage),2025-10-01,7.59789004260339e-16,6.405983959154455e-16,0.15,0.0,0.05223174682691263,0.07607880622081889,0.15,0.11767592433134047,0.0,2.708931071429515e-16,0.14999999999999994,3.5916471612029223e-16,0.0,2.047435099900676e-16,0.13967198221408378,0.0,0.14999999999999983,0.01434154040684262,2.358280835111043e-16,2.406341451608373e-16
Max Sharpe (shrinkage),2025-11-03,1.310915759645691e-15,7.483997281019679e-16,0.15,6.644492020534415e-16,0.10792977277993215,0.0,0.14999999999999966,0.02417826419538739,9.263553044477269e-17,8.678434358957508e-16,0.14999999999999916,0.0,7.260986543258456e-16,0.09565071431233294,0.09747406585144452,0.0,0.1499999999999993,0.07476718286090156,1.0245966872212464e-16,1.566792564473239e-16
Max Sharpe (shrinkage),2025-12-01,3.714537348315551e-16,0.0,0.10847480160916644,0.0,0.13003939153134203,0.0,0.12605828613246245,0.0,0.0,0.0,0.15,0.049413235197664954,0.0,0.11740274450548199,0.06940124446042084,2.0420868952689145e-16,0.15,0.09921029656346218,0.0,0.0
Max Sharpe (shrinkage),2026-01-02,0.0,1.579489984616661e-16,0.14999999999999994,0.0,0.15,9.372001225156201e-17,0.15,0.0,0.00846556934763195,0.0,0.15,0.08663180402997434,3.2089119276035255e-16,0.06110971966137372,0.0,0.0,0.15,0.09379290696101904,0.0,1.6642316167734483e-16
Max Sharpe (shrinkage),2026-02-02,0.0,0.0,0.1093816440254174,0.0,0.1480901439265883,3.087273620880667e-16,0.06918160397278197,2.961694436579082e-17,0.07048500254369398,2.5749327387201856e-16,0.15,0.039279357739069765,0.0,0.11413249491161279,0.03466487272661999,1.7465462258309905e-16,0.15,0.11478488015421749,0.0,0.0
Max Sharpe (shrinkage),2026-03-02,0.0,0.0,0.07781184916170447,0.0,0.15,0.0,0.045400664313552705,3.296210360648211e-16,0.08068676384563157,0.0,0.15,0.002206837638840781,0.0,0.15,0.04858653081830121,2.5925196642284623e-15,0.15,0.14530735422197724,0.0,0.0
Max Sharpe (shrinkage),2026-04-01,8.93417762143239e-16,4.871930011185291e-16,0.05803403976555224,6.859234411508819e-16,0.1499999999999988,1.6259301047725973e-16,0.01473824890525506,4.5744905887067724e-17,0.15,3.6341224777689887e-16,0.14999999999999827,0.0,7.358571508279651e-16,0.11045552981040098,0.10477239535014543,6.43583805104782e-16,0.14999999999999927,0.11199978616864434,9.89581587239783e-16,1.4860407252871941e-16
Max Sharpe (shrinkage),2026-05-01,0.0,8.916541120675948e-16,0.10545536241461363,6.764199759024628e-16,0.14999999999999986,0.0,0.03916037936551214,0.0,0.08553685108333307,2.9997464655182535e-16,0.1499999999999997,9.339759631209668e-16,7.055859967007605e-17,0.12868058752187364,0.09263960852953843,3.0211792940601953e-16,0.14999999999999938,0.09852721108512702,3.703299624585566e-16,6.438388867312996e-16
Max Sharpe (shrinkage),2026-06-01,0.016894766446577066,1.6497875656131498e-16,0.0991754993415555,1.3822718754957832e-16,0.14999999999999955,4.965349839005783e-16,0.026939014520849427,4.2704503498609175e-16,0.14097945282127194,0.0,0.14999999999999905,0.028913090596584298,0.0,0.14999999999999974,0.06969262650003634,1.5970521616026025e-16,0.1499999999999987,0.017405549773125303,9.24706604316382e-16,1.0482361943314587e-15
Max Sharpe (shrinkage),2026-07-01,0.0,0.0,0.0415615152216246,0.0,0.15,0.0,0.13838430129924356,0.0,0.11291542779404276,0.0,0.15,0.03175600767817812,0.00012518196554105838,0.15,0.009899228481444936,1.182954155242499e-16,0.15,0.06535833755992491,0.0,0.0
Max Sharpe (shrinkage),2026-08-03,0.009854756367594862,0.0,0.04573480540471071,0.0,0.15,0.0,0.12376309694871328,0.0,0.15,0.0,0.15,0.03133669087586729,4.683866242976301e-17,0.14999999999999986,0.012020061787801425,0.0,0.15,0.0272905886153107,0.0,0.0
Max Sharpe (shrinkage),2026-09-01,0.0,0.04657104005195298,0.033791906542082736,2.6844289770177267e-16,0.15,4.318284507933236e-16,0.05771903016922237,0.05854924944239392,0.0954261890144601,0.10093142123449018,0.15,0.007011163545397272,3.4398301182732506e-16,0.15,4.0719972056435596e-17,2.0125420868792047e-17,0.15,0.0,0.0,1.0085546270321495e-16
