strategy,lookback,cost_bps,total_return,cagr,volatility,sharpe,sortino,max_drawdown,calmar
Equal weight,252,0,0.8285132532213697,0.24819069097389557,0.12728376745299697,1.4977094986221777,2.2472940690371366,-0.16191287015629274,1.5328657365799259
Inverse volatility,252,0,0.7078787119184236,0.21728529757264825,0.11516018015724283,1.424841217231191,2.120475185458742,-0.14636358307392505,1.4845584742408375
Min variance (sample),252,0,0.5793877305108206,0.1828079593539056,0.10197533286853591,1.3132206871275895,1.9338882968710986,-0.10318965973146232,1.771572460163543
Min variance (shrinkage),252,0,0.5784171530292681,0.18254089461091771,0.1016377867913091,1.3150249276647574,1.9308714941755116,-0.10629765194823126,1.7172617763919957
Max Sharpe (shrinkage),252,0,0.9989413698319494,0.28972755854834165,0.14668111884589383,1.5410299993460306,2.422521608117087,-0.1738715955343626,1.6663305910198667
SPY,252,0,0.6759424940172853,0.20887361455031228,0.1557944066269065,1.0435700303806161,1.5459921426909076,-0.18755220835473974,1.1136825120994835
Equal weight,252,5,0.8260007865241241,0.24756038934242164,0.12728819107334785,1.4936901952554886,2.2410741125961726,-0.16196526462290706,1.5284782815549989
Inverse volatility,252,5,0.7054986753341514,0.21666186863299353,0.11516168798695163,1.4203722342571823,2.1135683357892203,-0.14642662054600786,1.4796617433707517
Min variance (sample),252,5,0.5748170454629762,0.18154937823048112,0.10196979503544612,1.3028390048636265,1.917778273379102,-0.10331053200335416,1.7573172329089042
Min variance (shrinkage),252,5,0.5741951538045478,0.18137795598303907,0.10163185022046548,1.3054083911125705,1.9159744015510851,-0.10642344634528433,1.7043044762389055
Max Sharpe (shrinkage),252,5,0.9853994995635855,0.2865110395781816,0.14674170397378897,1.5234206980912826,2.3926540079137784,-0.17418320992088254,1.6448832221447782
SPY,252,5,0.6751049415465109,0.20865165241029016,0.15580220458633906,1.0423460939459885,1.5441033036646181,-0.1875522083547395,1.1124990435497448
Equal weight,252,10,0.8234923149933271,0.24693054237430334,0.12729339987143737,1.489663635936056,2.2348283079121916,-0.1620176523028427,1.5240965343254191
Inverse volatility,252,10,0.7031224591578344,0.21603889108889107,0.11516407453231993,1.4158943929538201,2.106664333450493,-0.1464896501910844,1.4747723870395286
Min variance (sample),252,10,0.5702600903117727,0.18029227506931123,0.1019660406961744,1.2924365536139681,1.901660873007074,-0.10343142658206461,1.7431092369809251
Min variance (shrinkage),252,10,0.5699847555909063,0.18021624603605257,0.10162747314333545,1.2957731374709385,1.901073434738565,-0.1065492615620992,1.6913889725178308
Max Sharpe (shrinkage),252,10,0.9719484539837921,0.2833023237124601,0.1468060673551272,1.5057900137636548,2.362766011685985,-0.17449468027501303,1.6235585134513004
SPY,252,10,0.6742682257914903,0.20842984189225788,0.15581057574636123,1.041119620382458,1.542204113441744,-0.18755220835473985,1.1113163834255135
Equal weight,252,25,0.8159907965974404,0.24504372450520906,0.12731371467835562,1.4775414178642008,2.215939351856331,-0.16217477464292718,1.510985447920251
Inverse volatility,252,25,0.6960166611899656,0.21417266193705942,0.1151764817641075,1.4024090273491374,2.0859684626524455,-0.14667869218160035,1.4601484288658366
Min variance (sample),252,25,0.5566710175136043,0.17652976999622116,0.10196544898573937,1.2611100069952286,1.853268568445994,-0.10379424421478955,1.7007664666926452
Min variance (shrinkage),252,25,0.5574228331108979,0.17673847242387675,0.10162367246569048,1.266759788389998,1.8563493709698766,-0.10692683226080646,1.6528916894572536
Max Sharpe (shrinkage),252,25,0.9321341981625904,0.27372279720321324,0.1470217461266784,1.452784267112022,2.2730202158201807,-0.17628707746763528,1.5527105057003754
SPY,252,25,0.6717630863015334,0.20776531827930578,0.15583911020947205,1.037425220406038,1.536445320502013,-0.1875522083547394,1.107773244057649
Equal weight,504,0,0.8285132532213697,0.24819069097389557,0.12728376745299697,1.4977094986221777,2.2472940690371366,-0.16191287015629274,1.5328657365799259
Inverse volatility,504,0,0.7161487591007354,0.21944729799939888,0.11428766586061109,1.450381969629547,2.1650167205880706,-0.14493679919002933,1.51408958405158
Min variance (sample),504,0,0.5413454573802112,0.1722614542480505,0.10544233581466152,1.1884335551519343,1.7606489725843602,-0.09969765859093505,1.7278385137894632
Min variance (shrinkage),504,0,0.5450839570705746,0.1733051294734258,0.10513384190466762,1.200082989859847,1.7781906297522991,-0.10148196490170103,1.70774314077674
Max Sharpe (shrinkage),504,0,0.9524819313606143,0.27863401477012584,0.15260327121940276,1.43046202251091,2.1672178109707403,-0.1834413120340218,1.5189272889546777
SPY,504,0,0.6759424940172853,0.20887361455031228,0.1557944066269065,1.0435700303806161,1.5459921426909076,-0.18755220835473974,1.1136825120994835
Equal weight,504,5,0.8260007865241241,0.24756038934242164,0.12728819107334785,1.4936901952554886,2.2410741125961726,-0.16196526462290706,1.5284782815549989
Inverse volatility,504,5,0.7138553587834875,0.21884840659285487,0.11428761216350365,1.4460809365032605,2.158316639524094,-0.14499350765090524,1.5093669374477576
Min variance (sample),504,5,0.5380896496814875,0.1713512264524779,0.1054257031435726,1.181232070090441,1.7492896261134916,-0.09977518994741996,1.71737309187562
Min variance (shrinkage),504,5,0.5419131571714595,0.17242004178947345,0.10511823011197167,1.1930623753213292,1.7670866379633834,-0.1015641989556908,1.6976458590954357
Max Sharpe (shrinkage),504,5,0.9425895753591622,0.27625041796242433,0.15261735512081023,1.418106371224265,2.1474105230631633,-0.18365059659301697,1.5042173730293689
SPY,504,5,0.6751049415465109,0.20865165241029016,0.15580220458633906,1.0423460939459885,1.5441033036646181,-0.1875522083547395,1.1124990435497448
Equal weight,504,10,0.8234923149933271,0.24693054237430334,0.12729339987143737,1.489663635936056,2.2348283079121916,-0.1620176523028427,1.5240965343254191
Inverse volatility,504,10,0.7115655586861043,0.21824994930260866,0.11428843689657643,1.441770705544352,2.151619459401196,-0.14505021103199567,1.5046510291147825
Min variance (sample),504,10,0.5348411654350969,0.17044183040663818,0.10541031821136017,1.1740166787446367,1.737930816173306,-0.09985274257787369,1.7069318879620468
Min variance (shrinkage),504,10,0.5387492579545217,0.17153573186084414,0.10510383540597992,1.1860280532040826,1.7559834897648778,-0.10164645313927301,1.687572232607181
Max Sharpe (shrinkage),504,10,0.9327469579243879,0.2738711722042577,0.15263374361026397,1.4057336930681892,2.127597363663377,-0.18385984679425926,1.489564888579081
SPY,504,10,0.6742682257914903,0.20842984189225788,0.15581057574636123,1.041119620382458,1.542204113441744,-0.18755220835473985,1.1113163834255135
Equal weight,504,25,0.8159907965974404,0.24504372450520906,0.12731371467835562,1.4775414178642008,2.215939351856331,-0.16217477464292718,1.510985447920251
Inverse volatility,504,25,0.7047176923521443,0.2164571773133337,0.11429615705051885,1.4287861057382911,2.1315454414058523,-0.14522029070928677,1.4905436165711474
Min variance (sample),504,25,0.5251394736328885,0.1677186225583589,0.10537162700062477,1.1522897909730718,1.7038582197063137,-0.10008552821376793,1.6757529839892202
Min variance (shrinkage),504,25,0.5292988008065342,0.16888745939541305,0.10506793085325056,1.164845457025858,1.7226806057030395,-0.10189333653918942,1.6574926794202767
Max Sharpe (shrinkage),504,25,0.9035150490980639,0.26675946052504984,0.15269670690050086,1.3685194024764098,2.0680335368439855,-0.18448739131349734,1.4459495504044961
SPY,504,25,0.6717630863015334,0.20776531827930578,0.15583911020947205,1.037425220406038,1.536445320502013,-0.1875522083547394,1.107773244057649
Equal weight,756,0,0.8285132532213697,0.24819069097389557,0.12728376745299697,1.4977094986221777,2.2472940690371366,-0.16191287015629274,1.5328657365799259
Inverse volatility,756,0,0.7108689940464061,0.21806779617560745,0.11363084361755807,1.4481544595806546,2.1609467222965217,-0.14185591693661814,1.5372485045727147
Min variance (sample),756,0,0.5150274361871936,0.1648685433248105,0.10586257971561899,1.1244169065357312,1.6283343503357075,-0.09531027517847757,1.7298087012767347
Min variance (shrinkage),756,0,0.5199217021750626,0.16624949081748408,0.10548851489703086,1.1392667270725543,1.6513046835229406,-0.09424119178037715,1.7640851911647881
Max Sharpe (shrinkage),756,0,0.8436450336429437,0.25197525646310437,0.15113497868459166,1.3033487156056682,1.9478330704946258,-0.18615512073867924,1.3535768205743965
SPY,756,0,0.6759424940172853,0.20887361455031228,0.1557944066269065,1.0435700303806161,1.5459921426909076,-0.18755220835473974,1.1136825120994835
Equal weight,756,5,0.8260007865241241,0.24756038934242164,0.12728819107334785,1.4936901952554886,2.2410741125961726,-0.16196526462290706,1.5284782815549989
Inverse volatility,756,5,0.7085966495740255,0.21747324689693048,0.11363109959726138,1.4438514671397307,2.1542484626723906,-0.14190866374194178,1.5324874546941085
Min variance (sample),756,5,0.5123056259965593,0.1640993461881668,0.10584978935392142,1.1182960727486984,1.6188416558055103,-0.0954692451404483,1.7188713071602717
Min variance (shrinkage),756,5,0.517295341758915,0.16550879730010304,0.10547503547792829,1.1333721419353953,1.6421407697109287,-0.09439044611275693,1.7534486181195663
Max Sharpe (shrinkage),756,5,0.8364642547606289,0.2501817526786123,0.15115285049117563,1.2937199203479366,1.9327547227620012,-0.18685429148962063,1.3389136031296847
SPY,756,5,0.6751049415465109,0.20865165241029016,0.15580220458633906,1.0423460939459885,1.5441033036646181,-0.1875522083547395,1.1124990435497448
Equal weight,756,10,0.8234923149933271,0.24693054237430334,0.12729339987143737,1.489663635936056,2.2348283079121916,-0.1620176523028427,1.5240965343254191
Inverse volatility,756,10,0.7063278473433314,0.21687912513906715,0.11363223742787561,1.4395392015783213,2.147553138500498,-0.14196140837702442,1.5277329777052824
Min variance (sample),756,10,0.5095890518128743,0.1633307549690488,0.1058380968023772,1.1121641152829358,1.6093530657106112,-0.09562822277678173,1.7079764762574365
Min variance (shrinkage),756,10,0.5146738934341366,0.1647686798104273,0.10546263635888935,1.1274664376302537,1.6329809269385165,-0.09453970835028858,1.742851577243356
Max Sharpe (shrinkage),756,10,0.8293113775593248,0.24839080146236703,0.15117229792872158,1.2840815588076144,1.9176778312853335,-0.18755287466305515,1.3243774690663057
SPY,756,10,0.6742682257914903,0.20842984189225788,0.15581057574636123,1.041119620382458,1.542204113441744,-0.18755220835473985,1.1113163834255135
Equal weight,756,25,0.8159907965974404,0.24504372450520906,0.12731371467835562,1.4775414178642008,2.215939351856331,-0.16217477464292718,1.510985447920251
Inverse volatility,756,25,0.6995426283605914,0.21509932029619327,0.11364091721235664,1.42654806096338,2.127484607624693,-0.1421196292621113,1.5135088756774442
Min variance (sample),756,25,0.5014706331561298,0.16102860988868462,0.105809582710619,1.093703586099321,1.5809125256069003,-0.0961052017349393,1.6755452044396701
Min variance (shrinkage),756,25,0.506838917832239,0.16255177695670042,0.10543189754345329,1.1096846038143064,1.6055263295946451,-0.09498754250464603,1.7112957412152199
Max Sharpe (shrinkage),756,25,0.8080190632763224,0.24303322379991288,0.1512400676443766,1.2551123185032749,1.8724563142987665,-0.18964510477337682,1.2815159352008274
SPY,756,25,0.6717630863015334,0.20776531827930578,0.15583911020947205,1.037425220406038,1.536445320502013,-0.1875522083547394,1.107773244057649
