return_date,execution_date,training_start,training_end,n_obs,lookback
2024-01-02,2023-12-29,2022-12-28,2023-12-28,252,252
2024-02-01,2024-01-31,2023-01-30,2024-01-30,252,252
2024-03-01,2024-02-29,2023-02-28,2024-02-28,252,252
2024-04-01,2024-03-28,2023-03-28,2024-03-27,252,252
2024-05-01,2024-04-30,2023-04-28,2024-04-29,252,252
2024-06-03,2024-05-31,2023-05-31,2024-05-30,252,252
2024-07-01,2024-06-28,2023-06-28,2024-06-27,252,252
2024-08-01,2024-07-31,2023-07-31,2024-07-30,252,252
2024-09-03,2024-08-30,2023-08-30,2024-08-29,252,252
2024-10-01,2024-09-30,2023-09-28,2024-09-27,252,252
2024-11-01,2024-10-31,2023-10-31,2024-10-30,252,252
2024-12-02,2024-11-29,2023-11-29,2024-11-27,252,252
2025-01-02,2024-12-31,2023-12-29,2024-12-30,252,252
2025-02-03,2025-01-31,2024-01-30,2025-01-30,252,252
2025-03-03,2025-02-28,2024-02-27,2025-02-27,252,252
2025-04-01,2025-03-31,2024-03-27,2025-03-28,252,252
2025-05-01,2025-04-30,2024-04-26,2025-04-29,252,252
2025-06-02,2025-05-30,2024-05-28,2025-05-29,252,252
2025-07-01,2025-06-30,2024-06-26,2025-06-27,252,252
2025-08-01,2025-07-31,2024-07-29,2025-07-30,252,252
2025-09-02,2025-08-29,2024-08-27,2025-08-28,252,252
2025-10-01,2025-09-30,2024-09-26,2025-09-29,252,252
2025-11-03,2025-10-31,2024-10-29,2025-10-30,252,252
2025-12-01,2025-11-28,2024-11-25,2025-11-26,252,252
2026-01-02,2025-12-31,2024-12-27,2025-12-30,252,252
2026-02-02,2026-01-30,2025-01-29,2026-01-29,252,252
2026-03-02,2026-02-27,2025-02-26,2026-02-26,252,252
2026-04-01,2026-03-31,2025-03-28,2026-03-30,252,252
2026-05-01,2026-04-30,2025-04-29,2026-04-29,252,252
2026-06-01,2026-05-29,2025-05-28,2026-05-28,252,252
2026-07-01,2026-06-30,2025-06-27,2026-06-29,252,252
2026-08-03,2026-07-31,2025-07-30,2026-07-30,252,252
2026-09-01,2026-08-31,2025-08-28,2026-08-28,252,252
2024-01-02,2023-12-29,2021-12-28,2023-12-28,504,504
2024-02-01,2024-01-31,2022-01-27,2024-01-30,504,504
2024-03-01,2024-02-29,2022-02-25,2024-02-28,504,504
2024-04-01,2024-03-28,2022-03-25,2024-03-27,504,504
2024-05-01,2024-04-30,2022-04-27,2024-04-29,504,504
2024-06-03,2024-05-31,2022-05-27,2024-05-30,504,504
2024-07-01,2024-06-28,2022-06-27,2024-06-27,504,504
2024-08-01,2024-07-31,2022-07-28,2024-07-30,504,504
2024-09-03,2024-08-30,2022-08-29,2024-08-29,504,504
2024-10-01,2024-09-30,2022-09-27,2024-09-27,504,504
2024-11-01,2024-10-31,2022-10-28,2024-10-30,504,504
2024-12-02,2024-11-29,2022-11-28,2024-11-27,504,504
2025-01-02,2024-12-31,2022-12-28,2024-12-30,504,504
2025-02-03,2025-01-31,2023-01-27,2025-01-30,504,504
2025-03-03,2025-02-28,2023-02-24,2025-02-27,504,504
2025-04-01,2025-03-31,2023-03-27,2025-03-28,504,504
2025-05-01,2025-04-30,2023-04-26,2025-04-29,504,504
2025-06-02,2025-05-30,2023-05-25,2025-05-29,504,504
2025-07-01,2025-06-30,2023-06-26,2025-06-27,504,504
2025-08-01,2025-07-31,2023-07-27,2025-07-30,504,504
2025-09-02,2025-08-29,2023-08-25,2025-08-28,504,504
2025-10-01,2025-09-30,2023-09-26,2025-09-29,504,504
2025-11-03,2025-10-31,2023-10-27,2025-10-30,504,504
2025-12-01,2025-11-28,2023-11-24,2025-11-26,504,504
2026-01-02,2025-12-31,2023-12-27,2025-12-30,504,504
2026-02-02,2026-01-30,2024-01-26,2026-01-29,504,504
2026-03-02,2026-02-27,2024-02-23,2026-02-26,504,504
2026-04-01,2026-03-31,2024-03-26,2026-03-30,504,504
2026-05-01,2026-04-30,2024-04-25,2026-04-29,504,504
2026-06-01,2026-05-29,2024-05-23,2026-05-28,504,504
2026-07-01,2026-06-30,2024-06-25,2026-06-29,504,504
2026-08-03,2026-07-31,2024-07-26,2026-07-30,504,504
2026-09-01,2026-08-31,2024-08-26,2026-08-28,504,504
2024-01-02,2023-12-29,2020-12-28,2023-12-28,756,756
2024-02-01,2024-01-31,2021-01-28,2024-01-30,756,756
2024-03-01,2024-02-29,2021-02-26,2024-02-28,756,756
2024-04-01,2024-03-28,2021-03-26,2024-03-27,756,756
2024-05-01,2024-04-30,2021-04-28,2024-04-29,756,756
2024-06-03,2024-05-31,2021-05-28,2024-05-30,756,756
2024-07-01,2024-06-28,2021-06-25,2024-06-27,756,756
2024-08-01,2024-07-31,2021-07-28,2024-07-30,756,756
2024-09-03,2024-08-30,2021-08-27,2024-08-29,756,756
2024-10-01,2024-09-30,2021-09-27,2024-09-27,756,756
2024-11-01,2024-10-31,2021-10-28,2024-10-30,756,756
2024-12-02,2024-11-29,2021-11-26,2024-11-27,756,756
2025-01-02,2024-12-31,2021-12-28,2024-12-30,756,756
2025-02-03,2025-01-31,2022-01-26,2025-01-30,756,756
2025-03-03,2025-02-28,2022-02-23,2025-02-27,756,756
2025-04-01,2025-03-31,2022-03-24,2025-03-28,756,756
2025-05-01,2025-04-30,2022-04-25,2025-04-29,756,756
2025-06-02,2025-05-30,2022-05-24,2025-05-29,756,756
2025-07-01,2025-06-30,2022-06-23,2025-06-27,756,756
2025-08-01,2025-07-31,2022-07-26,2025-07-30,756,756
2025-09-02,2025-08-29,2022-08-24,2025-08-28,756,756
2025-10-01,2025-09-30,2022-09-23,2025-09-29,756,756
2025-11-03,2025-10-31,2022-10-26,2025-10-30,756,756
2025-12-01,2025-11-28,2022-11-22,2025-11-26,756,756
2026-01-02,2025-12-31,2022-12-23,2025-12-30,756,756
2026-02-02,2026-01-30,2023-01-25,2026-01-29,756,756
2026-03-02,2026-02-27,2023-02-22,2026-02-26,756,756
2026-04-01,2026-03-31,2023-03-24,2026-03-30,756,756
2026-05-01,2026-04-30,2023-04-25,2026-04-29,756,756
2026-06-01,2026-05-29,2023-05-23,2026-05-28,756,756
2026-07-01,2026-06-30,2023-06-23,2026-06-29,756,756
2026-08-03,2026-07-31,2023-07-26,2026-07-30,756,756
2026-09-01,2026-08-31,2023-08-24,2026-08-28,756,756
