strategy,date,traded_notional,cost_fraction
Equal weight,2024-01-02,0.9990009990009989,0.000999000999000999
Equal weight,2024-02-01,0.0428289985912116,4.282899859121162e-05
Equal weight,2024-03-01,0.06674327687039253,6.674327687039253e-05
Equal weight,2024-04-01,0.046820799513548346,4.682079951354835e-05
Equal weight,2024-05-01,0.04495028822663056,4.495028822663056e-05
Equal weight,2024-06-03,0.050969111694703285,5.096911169470329e-05
Equal weight,2024-07-01,0.046437523648702614,4.6437523648702615e-05
Equal weight,2024-08-01,0.05452567780032556,5.452567780032556e-05
Equal weight,2024-09-03,0.04395501372804369,4.3955013728043674e-05
Equal weight,2024-10-01,0.036192729302179094,3.6192729302179095e-05
Equal weight,2024-11-01,0.03450170130299298,3.450170130299298e-05
Equal weight,2024-12-02,0.05044373981995914,5.044373981995914e-05
Equal weight,2025-01-02,0.05191594621223747,5.191594621223747e-05
Equal weight,2025-02-03,0.04415497395070141,4.415497395070141e-05
Equal weight,2025-03-03,0.06357771669497861,6.357771669497861e-05
Equal weight,2025-04-01,0.06145155196085814,6.145155196085814e-05
Equal weight,2025-05-01,0.054945619248630985,5.494561924863098e-05
Equal weight,2025-06-02,0.08497624981308981,8.497624981308982e-05
Equal weight,2025-07-01,0.046468191925702874,4.646819192570287e-05
Equal weight,2025-08-01,0.056132536637798595,5.6132536637798594e-05
Equal weight,2025-09-02,0.052922967279975634,5.2922967279975625e-05
Equal weight,2025-10-01,0.04680964964558105,4.680964964558105e-05
Equal weight,2025-11-03,0.05703665051563716,5.703665051563716e-05
Equal weight,2025-12-01,0.05776627616305779,5.776627616305778e-05
Equal weight,2026-01-02,0.029416853575632847,2.9416853575632848e-05
Equal weight,2026-02-02,0.06859370740420559,6.859370740420559e-05
Equal weight,2026-03-02,0.0668613712103785,6.686137121037849e-05
Equal weight,2026-04-01,0.05178265526670561,5.1782655266705615e-05
Equal weight,2026-05-01,0.08723086052579698,8.723086052579696e-05
Equal weight,2026-06-01,0.05363277051288113,5.36327705128811e-05
Equal weight,2026-07-01,0.08584317681523347,8.584317681523347e-05
Equal weight,2026-08-03,0.07234869988978239,7.234869988978238e-05
Equal weight,2026-09-01,0.03790124268056917,3.790124268056918e-05
Inverse volatility,2024-01-02,0.9990009990009989,0.0009990009990009988
Inverse volatility,2024-02-01,0.0363089759431985,3.630897594319852e-05
Inverse volatility,2024-03-01,0.05561732848429032,5.561732848429031e-05
Inverse volatility,2024-04-01,0.04374303301758715,4.374303301758714e-05
Inverse volatility,2024-05-01,0.0465010893510779,4.6501089351077875e-05
Inverse volatility,2024-06-03,0.0496562803663842,4.965628036638422e-05
Inverse volatility,2024-07-01,0.042225653452800375,4.222565345280036e-05
Inverse volatility,2024-08-01,0.05483575013505296,5.483575013505296e-05
Inverse volatility,2024-09-03,0.04723106556800837,4.723106556800837e-05
Inverse volatility,2024-10-01,0.03562661727119391,3.562661727119391e-05
Inverse volatility,2024-11-01,0.036518652276267626,3.651865227626761e-05
Inverse volatility,2024-12-02,0.059542466603932136,5.9542466603932155e-05
Inverse volatility,2025-01-02,0.04439066535048966,4.439066535048965e-05
Inverse volatility,2025-02-03,0.03926496210235163,3.9264962102351653e-05
Inverse volatility,2025-03-03,0.0751935855610975,7.519358556109749e-05
Inverse volatility,2025-04-01,0.057446358934126765,5.7446358934126784e-05
Inverse volatility,2025-05-01,0.05025439753209021,5.025439753209021e-05
Inverse volatility,2025-06-02,0.0660398517552983,6.603985175529831e-05
Inverse volatility,2025-07-01,0.043105853952818234,4.3105853952818216e-05
Inverse volatility,2025-08-01,0.05048144126729034,5.048144126729036e-05
Inverse volatility,2025-09-02,0.04960703078160799,4.9607030781607983e-05
Inverse volatility,2025-10-01,0.04718705282963181,4.718705282963178e-05
Inverse volatility,2025-11-03,0.05132367580088212,5.132367580088209e-05
Inverse volatility,2025-12-01,0.053645970316325384,5.364597031632537e-05
Inverse volatility,2026-01-02,0.03122305306580543,3.122305306580544e-05
Inverse volatility,2026-02-02,0.061695894202670645,6.169589420267063e-05
Inverse volatility,2026-03-02,0.07130904775885037,7.130904775885036e-05
Inverse volatility,2026-04-01,0.05189593633203574,5.189593633203574e-05
Inverse volatility,2026-05-01,0.076978936367012,7.697893636701198e-05
Inverse volatility,2026-06-01,0.04452450099613767,4.452450099613765e-05
Inverse volatility,2026-07-01,0.08616795849644464,8.616795849644463e-05
Inverse volatility,2026-08-03,0.07828650244712397,7.828650244712396e-05
Inverse volatility,2026-09-01,0.03682704173520296,3.682704173520297e-05
Min variance (sample),2024-01-02,0.9990009990009991,0.000999000999000999
Min variance (sample),2024-02-01,0.06305650294443893,6.305650294443897e-05
Min variance (sample),2024-03-01,0.11094309213993458,0.00011094309213993457
Min variance (sample),2024-04-01,0.08072405626264775,8.072405626264769e-05
Min variance (sample),2024-05-01,0.07315286191690343,7.315286191690343e-05
Min variance (sample),2024-06-03,0.09695551918793538,9.695551918793541e-05
Min variance (sample),2024-07-01,0.12875427944406673,0.00012875427944406676
Min variance (sample),2024-08-01,0.12489346789673039,0.0001248934678967304
Min variance (sample),2024-09-03,0.09148669028302563,9.14866902830256e-05
Min variance (sample),2024-10-01,0.07554249430305304,7.554249430305304e-05
Min variance (sample),2024-11-01,0.1501560256158548,0.00015015602561585482
Min variance (sample),2024-12-02,0.2278443261384404,0.00022784432613844047
Min variance (sample),2025-01-02,0.09821963440979296,9.821963440979299e-05
Min variance (sample),2025-02-03,0.10156883623957952,0.0001015688362395795
Min variance (sample),2025-03-03,0.10569794068338238,0.00010569794068338236
Min variance (sample),2025-04-01,0.06656676896516656,6.656676896516657e-05
Min variance (sample),2025-05-01,0.3037111018553101,0.00030371110185531
Min variance (sample),2025-06-02,0.0668216249237563,6.682162492375629e-05
Min variance (sample),2025-07-01,0.061578359678784556,6.157835967878456e-05
Min variance (sample),2025-08-01,0.0723393168977699,7.23393168977699e-05
Min variance (sample),2025-09-02,0.08269061736735135,8.269061736735134e-05
Min variance (sample),2025-10-01,0.06362783196320942,6.362783196320946e-05
Min variance (sample),2025-11-03,0.03453575008628513,3.4535750086285124e-05
Min variance (sample),2025-12-01,0.07092353577394728,7.092353577394729e-05
Min variance (sample),2026-01-02,0.047134740554528376,4.713474055452836e-05
Min variance (sample),2026-02-02,0.0915069914880544,9.150699148805439e-05
Min variance (sample),2026-03-02,0.10985159272044347,0.00010985159272044348
Min variance (sample),2026-04-01,0.12243664568505838,0.0001224366456850584
Min variance (sample),2026-05-01,0.11127363842140874,0.00011127363842140873
Min variance (sample),2026-06-01,0.06797570772339928,6.79757077233993e-05
Min variance (sample),2026-07-01,0.11392680899857173,0.00011392680899857177
Min variance (sample),2026-08-03,0.1429742860413425,0.0001429742860413425
Min variance (sample),2026-09-01,0.07023197720221253,7.023197720221253e-05
Min variance (shrinkage),2024-01-02,0.9990009990009991,0.000999000999000999
Min variance (shrinkage),2024-02-01,0.05996741508166996,5.996741508166996e-05
Min variance (shrinkage),2024-03-01,0.10360187705856924,0.00010360187705856923
Min variance (shrinkage),2024-04-01,0.07713899621554984,7.713899621554984e-05
Min variance (shrinkage),2024-05-01,0.06915151260753569,6.915151260753569e-05
Min variance (shrinkage),2024-06-03,0.09250996236089376,9.250996236089375e-05
Min variance (shrinkage),2024-07-01,0.11257066022073609,0.00011257066022073614
Min variance (shrinkage),2024-08-01,0.11555058804056303,0.00011555058804056305
Min variance (shrinkage),2024-09-03,0.08840993401268708,8.840993401268707e-05
Min variance (shrinkage),2024-10-01,0.0695117366918389,6.951173669183891e-05
Min variance (shrinkage),2024-11-01,0.13361784646516883,0.00013361784646516884
Min variance (shrinkage),2024-12-02,0.21436409331439857,0.00021436409331439856
Min variance (shrinkage),2025-01-02,0.08868416119978617,8.868416119978619e-05
Min variance (shrinkage),2025-02-03,0.09442148646686539,9.442148646686539e-05
Min variance (shrinkage),2025-03-03,0.11013228981986661,0.00011013228981986661
Min variance (shrinkage),2025-04-01,0.07294189363927994,7.294189363927994e-05
Min variance (shrinkage),2025-05-01,0.2804739499162292,0.00028047394991622917
Min variance (shrinkage),2025-06-02,0.07466953315837042,7.466953315837044e-05
Min variance (shrinkage),2025-07-01,0.060848106037549955,6.084810603754993e-05
Min variance (shrinkage),2025-08-01,0.0730051298873569,7.30051298873569e-05
Min variance (shrinkage),2025-09-02,0.0820312363986277,8.203123639862768e-05
Min variance (shrinkage),2025-10-01,0.06800938875094242,6.800938875094241e-05
Min variance (shrinkage),2025-11-03,0.039992267191374324,3.999226719137433e-05
Min variance (shrinkage),2025-12-01,0.11006617261885313,0.0001100661726188531
Min variance (shrinkage),2026-01-02,0.0602506074963535,6.025060749635351e-05
Min variance (shrinkage),2026-02-02,0.0960846526692439,9.608465266924391e-05
Min variance (shrinkage),2026-03-02,0.10607695850236619,0.00010607695850236615
Min variance (shrinkage),2026-04-01,0.1053049706138051,0.00010530497061380512
Min variance (shrinkage),2026-05-01,0.10626448864340066,0.00010626448864340062
Min variance (shrinkage),2026-06-01,0.049425012964430234,4.942501296443023e-05
Min variance (shrinkage),2026-07-01,0.10091647187478231,0.00010091647187478234
Min variance (shrinkage),2026-08-03,0.1261899995639201,0.0001261899995639201
Min variance (shrinkage),2026-09-01,0.0664659237364375,6.646592373643745e-05
Max Sharpe (shrinkage),2024-01-02,0.999000999001,0.000999000999001
Max Sharpe (shrinkage),2024-02-01,0.4243770607090549,0.0004243770607090549
Max Sharpe (shrinkage),2024-03-01,0.4642503478593856,0.00046425034785938565
Max Sharpe (shrinkage),2024-04-01,0.5722342437840615,0.0005722342437840615
Max Sharpe (shrinkage),2024-05-01,0.12138226739564341,0.00012138226739564347
Max Sharpe (shrinkage),2024-06-03,0.38195183572498304,0.0003819518357249831
Max Sharpe (shrinkage),2024-07-01,0.12512530429743765,0.00012512530429743766
Max Sharpe (shrinkage),2024-08-01,0.3151821399232297,0.0003151821399232297
Max Sharpe (shrinkage),2024-09-03,0.3063276990322947,0.0003063276990322947
Max Sharpe (shrinkage),2024-10-01,0.17795019151709576,0.00017795019151709574
Max Sharpe (shrinkage),2024-11-01,0.31376545312114057,0.0003137654531211406
Max Sharpe (shrinkage),2024-12-02,0.1968109657844286,0.0001968109657844286
Max Sharpe (shrinkage),2025-01-02,0.29876021399946573,0.00029876021399946574
Max Sharpe (shrinkage),2025-02-03,0.28980531636468937,0.0002898053163646894
Max Sharpe (shrinkage),2025-03-03,0.3261195685033565,0.00032611956850335646
Max Sharpe (shrinkage),2025-04-01,0.1865005661147437,0.00018650056611474369
Max Sharpe (shrinkage),2025-05-01,0.2351196312667067,0.00023511963126670668
Max Sharpe (shrinkage),2025-06-02,0.272311896169819,0.0002723118961698189
Max Sharpe (shrinkage),2025-07-01,0.29156606524704526,0.00029156606524704523
Max Sharpe (shrinkage),2025-08-01,0.3847430837796363,0.0003847430837796363
Max Sharpe (shrinkage),2025-09-02,0.31101252564457016,0.00031101252564457013
Max Sharpe (shrinkage),2025-10-01,0.15348184013135202,0.0001534818401313521
Max Sharpe (shrinkage),2025-11-03,0.41875616385404985,0.0004187561638540498
Max Sharpe (shrinkage),2025-12-01,0.2114896009204837,0.00021148960092048368
Max Sharpe (shrinkage),2026-01-02,0.2492466441849241,0.0002492466441849241
Max Sharpe (shrinkage),2026-02-02,0.3199725900870937,0.0003199725900870938
Max Sharpe (shrinkage),2026-03-02,0.18275493313797148,0.0001827549331379715
Max Sharpe (shrinkage),2026-04-01,0.25382169962176454,0.00025382169962176454
Max Sharpe (shrinkage),2026-05-01,0.18785534578764884,0.00018785534578764885
Max Sharpe (shrinkage),2026-06-01,0.24910245505731515,0.0002491024550573151
Max Sharpe (shrinkage),2026-07-01,0.3482201248939258,0.0003482201248939259
Max Sharpe (shrinkage),2026-08-03,0.15002522053978012,0.00015002522053978015
Max Sharpe (shrinkage),2026-09-01,0.43805267793565084,0.0004380526779356508
SPY,2024-01-02,0.999000999000999,0.0009990009990009988
